Date,Action,Ticker,Shares,Price,Total Value
2016-06-24,BUY,GOLDBEES.NS,2027,27.74,56241.7
2016-06-24,BUY,HSCL.NS,1835,28.6,52483.83
2016-06-24,BUY,MANAPPURAM.NS,960,54.66,52478.55
2016-06-24,BUY,MFSL.NS,98,533.61,52298.73
2016-06-24,BUY,SPLPETRO.NS,696,75.42,52496.1
2016-06-24,BUY,MUTHOOTFIN.NS,221,237.21,52427.94
2016-07-01,BUY,GOLDBEES.NS,49,28.02,1373.04
2016-07-08,BUY,GOLDBEES.NS,33,28.34,935.3
2016-07-15,SELL,SPLPETRO.NS,696,76.03,52908.16
2016-07-15,SELL,GOLDBEES.NS,14,27.96,391.45
2016-07-15,BUY,PCBL.NS,3830,14.27,54671.09
2016-07-22,BUY,GOLDBEES.NS,27,27.85,752.16
2016-07-29,SELL,HSCL.NS,1835,32.68,59956.65
2016-07-29,BUY,GOLDBEES.NS,102,27.96,2852.51
2016-07-29,BUY,JMFINANCIL.NS,948,61.19,58012.37
2016-08-05,SELL,GOLDBEES.NS,60,29.1,1745.92
2016-08-12,SELL,MFSL.NS,98,506.19,49601.81
2016-08-12,SELL,JMFINANCIL.NS,948,56.74,53785.47
2016-08-12,SELL,GOLDBEES.NS,6,28.7,172.2
2016-08-12,BUY,INDIANB.NS,335,172.28,57720.95
2016-08-12,BUY,HSCL.NS,1583,36.51,57801.11
2016-08-19,SELL,MUTHOOTFIN.NS,221,294.16,65003.95
2016-08-19,BUY,GOLDBEES.NS,38,28.66,1089.17
2016-08-19,BUY,VEDL.NS,986,59.54,58707.77
2016-08-26,SELL,HSCL.NS,1583,33.27,52656.16
2016-08-26,SELL,GOLDBEES.NS,2,28.42,56.83
2016-08-26,BUY,ESCORTS.NS,189,307.76,58172.63
2016-09-02,SELL,GOLDBEES.NS,2194,27.88,61163.7
2016-09-16,SELL,VEDL.NS,986,53.86,53098.15
2016-09-16,BUY,CGCL.NS,1380,43.33,59806.55
2016-09-23,BUY,GOLDBEES.NS,2396,28.4,68059.2
2016-09-30,SELL,MANAPPURAM.NS,960,76.27,73213.32
2016-09-30,SELL,INDIANB.NS,335,178.11,59659.42
2016-09-30,SELL,GOLDBEES.NS,2396,28.25,67685.02
2016-09-30,BUY,JUBLPHARMA.NS,148,424.88,62888.45
2016-09-30,BUY,IDFCFIRSTB.NS,819,77.03,63090.35
2016-10-14,SELL,PCBL.NS,3830,19.32,73984.15
2016-10-14,BUY,JSL.NS,1987,32.94,65459.96
2016-11-04,SELL,ESCORTS.NS,189,336.9,63668.16
2016-11-04,SELL,CGCL.NS,1380,61.2,84447.2
2016-11-04,SELL,JUBLPHARMA.NS,148,430.76,63745.88
2016-11-04,SELL,IDFCFIRSTB.NS,819,70.23,57508.57
2016-11-04,SELL,JSL.NS,1987,36.87,73261.41
2016-11-04,BUY,SWANCORP.NS,564,112.76,63603.1
2016-11-04,BUY,BLS.NS,1488,42.77,63644.46
2016-11-04,BUY,UNOMINDA.NS,1049,60.63,63605.08
2016-11-04,BUY,RADICO.NS,473,134.56,63651.24
2016-11-04,BUY,CAPLIPOINT.NS,181,350.35,63420.55
2016-11-11,SELL,UNOMINDA.NS,1049,54.72,57390.71
2016-11-11,SELL,RADICO.NS,473,121.61,57516.32
2016-11-11,SELL,CAPLIPOINT.NS,181,346.46,62703.04
2016-11-11,BUY,CGCL.NS,934,67.79,63317.92
2016-11-11,BUY,JSL.NS,1571,40.32,63342.19
2016-11-11,BUY,MGL.NS,106,594.9,63066.08
2016-11-18,SELL,CGCL.NS,934,56.03,52331.17
2016-11-18,SELL,JSL.NS,1571,35.05,55065.79
2016-11-18,BUY,OLECTRA.NS,2040,29.91,61014.96
2016-11-18,BUY,MRF.NS,1,48451.07,48455.92
2016-11-25,SELL,BLS.NS,1488,39.61,58934.23
2016-11-25,SELL,OLECTRA.NS,2040,26.91,54892.3
2016-11-25,SELL,MRF.NS,1,46664.28,46659.61
2016-11-25,BUY,VEDL.NS,802,74.74,59950.31
2016-11-25,BUY,TATACOMM.NS,170,352.8,59981.19
2016-11-25,BUY,JUBLPHARMA.NS,129,462.75,59700.35
2016-12-16,SELL,JUBLPHARMA.NS,129,435.91,56226.93
2016-12-16,BUY,JSL.NS,1699,38.05,64660.25
2016-12-23,SELL,SWANCORP.NS,564,149.43,84272.68
2016-12-23,SELL,VEDL.NS,802,72.53,58166.35
2016-12-23,SELL,JSL.NS,1699,36.38,61807.5
2016-12-23,BUY,BLS.NS,1302,45.5,59248.03
2016-12-23,BUY,ENGINERSIN.NS,494,119.8,59185.94
2016-12-23,BUY,SONATSOFTW.NS,1106,53.57,59254.75
2016-12-30,SELL,ENGINERSIN.NS,494,111.84,55241.37
2016-12-30,BUY,NATIONALUM.NS,1581,37.46,59228.97
2017-01-06,SELL,TATACOMM.NS,170,350.39,59560.27
2017-01-06,SELL,BLS.NS,1302,45.9,59754.94
2017-01-06,BUY,CHAMBLFERT.NS,853,70.54,60175.68
2017-01-06,BUY,MMTC.NS,1490,40.39,60188.07
2017-01-13,SELL,MGL.NS,106,670.69,71085.97
2017-01-13,BUY,GOLDBEES.NS,2512,26.45,66450.3
2017-01-13,BUY,ITI.NS,1239,50.05,62018.15
2017-01-20,SELL,ITI.NS,1239,47.45,58784.67
2017-01-20,SELL,GOLDBEES.NS,45,26.69,1200.84
2017-01-20,BUY,FACT.NS,1680,36.58,61459.36
2017-01-27,SELL,FACT.NS,1680,33.44,56173.0
2017-01-27,BUY,GOLDBEES.NS,42,26.22,1101.14
2017-01-27,BUY,SWANCORP.NS,318,192.68,61277.6
2017-02-03,SELL,SONATSOFTW.NS,1106,56.55,62535.91
2017-02-03,SELL,MMTC.NS,1490,41.66,62061.06
2017-02-03,SELL,SWANCORP.NS,318,170.04,54066.03
2017-02-03,SELL,GOLDBEES.NS,133,26.44,3516.7
2017-02-03,BUY,ITI.NS,1193,49.15,58641.82
2017-02-03,BUY,ADANIENT.NS,1161,50.47,58598.99
2017-02-03,BUY,IDEA.NS,888,65.99,58609.38
2017-02-10,SELL,NATIONALUM.NS,1581,37.26,58899.72
2017-02-10,SELL,ITI.NS,1193,46.15,55051.45
2017-02-10,SELL,GOLDBEES.NS,63,26.53,1671.29
2017-02-10,BUY,FACT.NS,1542,37.13,57256.3
2017-02-10,BUY,GPIL.NS,2382,24.04,57272.08
2017-02-17,SELL,CHAMBLFERT.NS,853,66.52,56733.74
2017-02-17,SELL,GPIL.NS,2382,21.61,51467.62
2017-02-17,SELL,GOLDBEES.NS,62,26.86,1665.4
2017-02-17,BUY,OLECTRA.NS,1209,46.68,56443.93
2017-02-17,BUY,BEML.NS,111,504.68,56025.14
2017-02-24,BUY,GOLDBEES.NS,42,26.87,1128.51
2017-03-03,SELL,ADANIENT.NS,1161,50.55,58680.21
2017-03-03,BUY,GOLDBEES.NS,43,26.62,1144.71
2017-03-03,BUY,JINDALSTEL.NS,465,124.64,57962.71
2017-03-10,SELL,IDEA.NS,888,62.86,55813.67
2017-03-10,SELL,FACT.NS,1542,33.44,51558.79
2017-03-10,SELL,GOLDBEES.NS,2336,26.11,60993.87
2017-03-10,BUY,JSL.NS,840,69.52,58402.53
2017-03-10,BUY,ESCORTS.NS,119,487.79,58052.87
2017-03-24,SELL,BEML.NS,111,509.79,56580.91
2017-03-24,BUY,GPIL.NS,2352,25.21,59310.75
2017-04-07,BUY,GOLDBEES.NS,2572,26.51,68200.83
2017-04-14,SELL,GPIL.NS,2352,26.62,62604.45
2017-04-14,SELL,GOLDBEES.NS,26,26.78,696.18
2017-04-14,BUY,IIFL.NS,295,215.28,63513.36
2017-04-21,SELL,JINDALSTEL.NS,465,110.44,51349.1
2017-04-21,BUY,GOLDBEES.NS,94,26.77,2516.49
2017-04-21,BUY,ADANIENT.NS,846,77.9,65912.96
2017-04-28,SELL,OLECTRA.NS,1209,84.73,102423.74
2017-04-28,SELL,JSL.NS,840,70.99,59629.7
2017-04-28,SELL,ADANIENT.NS,846,58.15,49193.43
2017-04-28,SELL,GOLDBEES.NS,2640,26.41,69715.43
2017-04-28,BUY,ITI.NS,526,115.15,60574.96
2017-04-28,BUY,HEG.NS,1155,52.51,60650.89
2017-04-28,BUY,SUNTV.NS,83,726.07,60270.18
2017-05-05,SELL,SUNTV.NS,83,671.72,55747.37
2017-05-05,BUY,OLECTRA.NS,601,99.65,59898.28
2017-05-12,SELL,ITI.NS,526,102.85,54093.69
2017-05-12,BUY,MOTILALOFS.NS,61,981.98,59906.83
2017-05-19,SELL,IIFL.NS,295,227.13,66995.31
2017-05-19,SELL,HEG.NS,1155,46.21,53362.11
2017-05-19,BUY,GOLDBEES.NS,2418,26.23,63424.44
2017-05-19,BUY,GRAVITA.NS,762,77.69,59202.75
2017-05-19,BUY,CEATLTD.NS,36,1631.67,58745.82
2017-05-26,SELL,OLECTRA.NS,601,82.73,49715.22
2017-05-26,SELL,GOLDBEES.NS,83,26.31,2183.39
2017-05-26,BUY,KEC.NS,241,237.8,57316.08
2017-06-02,SELL,GOLDBEES.NS,2335,26.18,61123.02
2017-06-09,BUY,GOLDBEES.NS,2467,26.36,65027.99
2017-06-16,SELL,GOLDBEES.NS,2467,26.11,64398.3
2017-06-23,SELL,GRAVITA.NS,762,74.94,57099.74
2017-06-23,SELL,KEC.NS,241,226.49,54578.51
2017-06-23,BUY,PCBL.NS,1304,45.36,59152.6
2017-06-23,BUY,HSCL.NS,837,70.66,59149.58
2017-06-30,SELL,ESCORTS.NS,119,617.48,73472.62
2017-06-30,SELL,MOTILALOFS.NS,61,1099.9,67086.92
2017-06-30,BUY,HEG.NS,954,62.28,59417.93
2017-06-30,BUY,PGEL.NS,2066,28.76,59430.18
2017-07-21,SELL,CEATLTD.NS,36,1692.69,60930.65
2017-07-21,BUY,CAPLIPOINT.NS,92,684.51,62980.9
2017-08-11,SELL,PGEL.NS,2066,30.08,62132.73
2017-08-11,SELL,CAPLIPOINT.NS,92,652.44,60018.26
2017-08-11,BUY,GOLDBEES.NS,2535,26.22,66471.81
2017-08-11,BUY,GRAPHITE.NS,333,185.98,61937.0
2017-08-11,BUY,POONAWALLA.NS,361,171.55,61934.59
2017-08-18,BUY,GOLDBEES.NS,68,26.23,1783.95
2017-08-25,BUY,GOLDBEES.NS,97,26.01,2522.93
2017-09-01,BUY,GOLDBEES.NS,216,26.82,5793.38
2017-09-08,SELL,HSCL.NS,837,102.99,86194.51
2017-09-08,SELL,POONAWALLA.NS,361,176.08,63556.82
2017-09-08,BUY,GOLDBEES.NS,8,27.32,218.55
2017-09-08,BUY,OLECTRA.NS,357,208.65,74493.76
2017-09-08,BUY,HFCL.NS,2837,26.28,74564.68
2017-09-15,SELL,PCBL.NS,1304,62.1,80974.53
2017-09-15,BUY,GOLDBEES.NS,301,26.98,8122.85
2017-09-15,BUY,JBMA.NS,702,115.6,81159.36
2017-09-22,SELL,OLECTRA.NS,357,166.16,59312.19
2017-09-22,SELL,HFCL.NS,2837,28.88,81935.07
2017-09-22,BUY,GOLDBEES.NS,91,26.72,2431.9
2017-09-22,BUY,HSCL.NS,628,131.51,82594.24
2017-09-22,BUY,SARDAEN.NS,2050,40.33,82688.46
2017-09-29,SELL,HEG.NS,954,156.8,149568.94
2017-09-29,SELL,JBMA.NS,702,106.21,74554.99
2017-09-29,SELL,SARDAEN.NS,2050,37.94,77767.57
2017-09-29,SELL,GOLDBEES.NS,44,26.66,1173.03
2017-09-29,BUY,GRAVITA.NS,663,122.83,81445.66
2017-09-29,BUY,ASAHIINDIA.NS,219,370.48,81142.96
2017-09-29,BUY,JSL.NS,737,110.38,81355.49
2017-10-06,BUY,GOLDBEES.NS,316,26.41,8346.08
2017-10-13,SELL,ASAHIINDIA.NS,219,362.03,79277.4
2017-10-13,SELL,GOLDBEES.NS,8,26.97,215.7
2017-10-13,BUY,HEG.NS,411,218.79,89930.7
2017-10-20,SELL,JSL.NS,737,111.7,82317.45
2017-10-20,SELL,GOLDBEES.NS,65,26.87,1746.6
2017-10-20,BUY,BBTC.NS,53,1649.23,87417.71
2017-10-27,SELL,GOLDBEES.NS,3515,26.28,92352.66
2017-11-17,SELL,HEG.NS,411,309.82,127323.72
2017-11-17,SELL,BBTC.NS,53,1422.97,75410.05
2017-11-17,BUY,SAREGAMA.NS,1229,79.55,97779.53
2017-11-17,BUY,ZENTEC.NS,961,101.68,97723.14
2017-11-24,SELL,GRAVITA.NS,663,145.37,96367.4
2017-11-24,BUY,ACE.NS,663,146.12,96888.79
2017-12-01,SELL,ACE.NS,663,127.89,84780.79
2017-12-01,BUY,MINDACORP.NS,510,186.28,95013.65
2017-12-08,SELL,HSCL.NS,628,155.3,97515.92
2017-12-08,BUY,HEG.NS,298,324.28,96644.86
2017-12-15,SELL,SAREGAMA.NS,1229,72.07,88570.28
2017-12-15,BUY,ACE.NS,734,136.88,100482.83
2017-12-29,BUY,GOLDBEES.NS,4444,26.27,116746.66
2018-01-05,BUY,GOLDBEES.NS,229,26.44,6055.25
2018-01-19,SELL,GRAPHITE.NS,333,615.4,204908.39
2018-01-19,SELL,ZENTEC.NS,961,124.66,119788.58
2018-01-19,SELL,GOLDBEES.NS,216,26.95,5819.97
2018-01-19,BUY,GPIL.NS,928,120.74,112061.85
2018-01-19,BUY,SONATSOFTW.NS,1236,90.69,112101.44
2018-01-26,BUY,GOLDBEES.NS,230,27.33,6287.22
2018-02-02,SELL,MINDACORP.NS,510,185.85,94773.17
2018-02-02,SELL,HEG.NS,298,411.72,122679.37
2018-02-02,SELL,ACE.NS,734,153.67,112780.97
2018-02-02,SELL,GPIL.NS,928,119.27,110667.16
2018-02-02,SELL,SONATSOFTW.NS,1236,82.31,101730.72
2018-02-02,SELL,GOLDBEES.NS,453,27.35,12390.58
2018-02-02,BUY,LTTS.NS,91,1184.8,107827.42
2018-02-02,BUY,BIOCON.NS,366,295.02,107986.86
2018-02-02,BUY,JUBLPHARMA.NS,176,612.33,107780.61
2018-02-02,BUY,VBL.NS,2779,38.9,108109.49
2018-02-02,BUY,ERIS.NS,148,727.79,107723.79
2018-02-09,BUY,GOLDBEES.NS,101,26.94,2721.36
2018-02-16,SELL,ERIS.NS,148,711.34,105267.53
2018-02-16,SELL,GOLDBEES.NS,82,27.63,2265.76
2018-02-16,BUY,SONATSOFTW.NS,1095,100.17,109692.35
2018-02-23,SELL,JUBLPHARMA.NS,176,614.9,108212.1
2018-02-23,BUY,GOLDBEES.NS,35,27.32,956.12
2018-02-23,BUY,JINDALSTEL.NS,418,261.31,109237.26
2018-03-02,SELL,VBL.NS,2779,37.34,103747.96
2018-03-02,SELL,JINDALSTEL.NS,418,245.38,102559.46
2018-03-02,SELL,GOLDBEES.NS,51,27.18,1386.3
2018-03-02,BUY,HEG.NS,228,470.44,107270.81
2018-03-02,BUY,ACE.NS,595,180.42,107358.18
2018-03-09,SELL,LTTS.NS,91,1144.4,104130.42
2018-03-09,SELL,HEG.NS,228,437.35,99704.69
2018-03-09,SELL,ACE.NS,595,165.08,98214.54
2018-03-09,SELL,GOLDBEES.NS,202,27.25,5504.35
2018-03-09,BUY,IIFL.NS,250,410.4,102610.89
2018-03-09,BUY,COFORGE.NS,641,160.06,102606.63
2018-03-09,BUY,ZYDUSWELL.NS,420,244.3,102616.22
2018-03-16,SELL,BIOCON.NS,366,289.15,105817.51
2018-03-16,SELL,GOLDBEES.NS,22,27.17,597.57
2018-03-16,BUY,HEG.NS,190,534.61,101585.37
2018-03-23,SELL,SONATSOFTW.NS,1095,89.2,97659.13
2018-03-23,SELL,IIFL.NS,250,360.17,90032.68
2018-03-23,SELL,ZYDUSWELL.NS,420,222.53,93453.82
2018-03-23,SELL,GOLDBEES.NS,154,27.52,4238.43
2018-03-23,BUY,BSOFT.NS,823,120.45,99142.28
2018-03-23,BUY,JUBLFOOD.NS,443,223.32,98941.39
2018-03-23,BUY,TECHM.NS,210,471.76,99078.78
2018-03-30,SELL,COFORGE.NS,641,157.46,100923.52
2018-03-30,BUY,GOLDBEES.NS,2,27.46,54.92
2018-03-30,BUY,FSL.NS,2409,41.08,98972.5
2018-04-06,SELL,HEG.NS,190,501.23,95224.58
2018-04-06,SELL,GOLDBEES.NS,3861,27.23,105130.31
2018-04-06,BUY,COFORGE.NS,604,164.47,99350.53
2018-04-13,BUY,GOLDBEES.NS,3933,27.7,108956.96
2018-04-20,BUY,GOLDBEES.NS,76,28.05,2131.79
2018-04-27,SELL,TECHM.NS,210,507.44,106551.8
2018-04-27,BUY,GOLDBEES.NS,115,27.9,3208.94
2018-04-27,BUY,ZENSARTECH.NS,478,224.32,107235.47
2018-05-04,SELL,COFORGE.NS,604,187.17,113040.17
2018-05-04,BUY,GOLDBEES.NS,15,27.75,416.28
2018-05-04,BUY,ASHOKLEY.NS,1528,70.14,107190.1
2018-05-11,SELL,GOLDBEES.NS,9,28.17,253.5
2018-05-18,SELL,ASHOKLEY.NS,1528,63.49,97004.15
2018-05-18,BUY,GOLDBEES.NS,26,27.7,720.38
2018-05-18,BUY,MPHASIS.NS,116,925.23,107337.43
2018-05-25,BUY,GOLDBEES.NS,78,27.81,2169.32
2018-06-01,SELL,GOLDBEES.NS,4234,27.65,117039.34
2018-06-22,SELL,FSL.NS,2409,57.59,138720.48
2018-06-22,BUY,USHAMART.NS,4046,27.49,111251.71
2018-06-29,SELL,USHAMART.NS,4046,26.48,107145.86
2018-06-29,BUY,TATAELXSI.NS,90,1222.79,110061.68
2018-07-06,SELL,JUBLFOOD.NS,443,267.83,118638.14
2018-07-06,BUY,GRAPHITE.NS,146,748.12,109235.94
2018-07-20,SELL,ZENSARTECH.NS,478,219.62,104969.83
2018-07-20,BUY,HEG.NS,160,709.14,113474.13
2018-07-27,SELL,MPHASIS.NS,116,936.57,108631.66
2018-07-27,BUY,ADANIENT.NS,917,124.14,113847.78
2018-08-03,SELL,BSOFT.NS,823,168.4,138577.44
2018-08-03,BUY,RHIM.NS,515,225.96,116383.17
2018-08-17,SELL,TATAELXSI.NS,90,1322.19,118985.24
2018-08-17,BUY,ADANIPOWER.NS,18798,6.25,117499.25
2018-08-24,SELL,GRAPHITE.NS,146,788.91,115168.67
2018-08-24,SELL,HEG.NS,160,700.31,112038.38
2018-08-24,BUY,OLECTRA.NS,441,261.07,115142.73
2018-08-24,BUY,BANDHANBNK.NS,176,653.2,114975.35
2018-08-31,SELL,OLECTRA.NS,441,233.36,102901.03
2018-08-31,BUY,GOLDBEES.NS,4771,27.05,129056.53
2018-08-31,BUY,GRANULES.NS,1078,111.73,120453.02
2018-09-07,SELL,BANDHANBNK.NS,176,637.76,112234.48
2018-09-07,SELL,GOLDBEES.NS,63,27.09,1706.59
2018-09-07,BUY,ABFRL.NS,608,195.66,118974.93
2018-09-14,SELL,RHIM.NS,515,224.51,115610.1
2018-09-14,SELL,ADANIPOWER.NS,18798,6.21,116723.91
2018-09-14,SELL,GOLDBEES.NS,160,27.19,4349.24
2018-09-14,BUY,OLECTRA.NS,439,262.82,115387.77
2018-09-14,BUY,INTELLECT.NS,425,271.41,115358.79
2018-09-21,SELL,ADANIENT.NS,917,136.74,125376.9
2018-09-21,SELL,GRANULES.NS,1078,104.05,112150.41
2018-09-21,SELL,ABFRL.NS,608,180.29,109602.84
2018-09-21,SELL,OLECTRA.NS,439,234.06,102741.19
2018-09-21,SELL,INTELLECT.NS,425,239.5,101775.41
2018-09-21,SELL,GOLDBEES.NS,327,27.4,8958.25
2018-09-21,BUY,DCMSHRIRAM.NS,260,415.13,107944.97
2018-09-21,BUY,DIVISLAB.NS,81,1322.37,107122.3
2018-09-21,BUY,WELCORP.NS,765,141.06,107920.97
2018-09-21,BUY,NAUKRI.NS,361,298.29,107695.16
2018-09-21,BUY,WIPRO.NS,938,115.08,107958.43
2018-09-28,SELL,WELCORP.NS,765,107.26,82047.13
2018-09-28,SELL,NAUKRI.NS,361,277.26,100082.13
2018-09-28,SELL,GOLDBEES.NS,227,27.03,6134.74
2018-09-28,BUY,LTTS.NS,63,1594.23,100446.26
2018-09-28,BUY,RELIANCE.NS,180,559.39,100700.28
2018-10-05,SELL,DCMSHRIRAM.NS,260,331.03,86060.33
2018-10-05,SELL,LTTS.NS,63,1423.81,89690.9
2018-10-05,SELL,RELIANCE.NS,180,466.41,83944.81
2018-10-05,SELL,GOLDBEES.NS,342,27.88,9534.52
2018-10-05,BUY,AUROPHARMA.NS,133,712.45,94764.78
2018-10-05,BUY,IDBI.NS,1749,54.32,95019.36
2018-10-05,BUY,ABB.NS,78,1210.21,94405.75
2018-10-12,SELL,IDBI.NS,1749,55.88,97731.21
2018-10-12,SELL,ABB.NS,78,1152.11,89855.48
2018-10-12,SELL,GOLDBEES.NS,59,28.14,1660.21
2018-10-12,BUY,ADANIPOWER.NS,14497,6.51,94384.91
2018-10-12,BUY,BALRAMCHIN.NS,1081,87.24,94315.97
2018-10-26,SELL,AUROPHARMA.NS,133,689.04,91633.23
2018-10-26,BUY,GOLDBEES.NS,20,28.5,570.1
2018-10-26,BUY,ADANIENT.NS,583,164.69,96023.26
2018-11-02,BUY,GOLDBEES.NS,424,28.2,11960.12
2018-11-09,BUY,GOLDBEES.NS,28,28.01,784.29
2018-11-16,SELL,GOLDBEES.NS,4065,27.51,111823.06
2018-11-23,SELL,WIPRO.NS,938,105.44,98888.45
2018-11-23,BUY,LINDEINDIA.NS,164,627.65,102945.41
2018-11-30,SELL,BALRAMCHIN.NS,1081,92.55,100033.07
2018-11-30,BUY,JWL.NS,5794,18.27,105852.39
2018-12-07,SELL,ADANIENT.NS,583,151.01,88030.1
2018-12-07,SELL,JWL.NS,5794,18.86,109282.23
2018-12-07,BUY,NEWGEN.NS,687,152.25,104608.26
2018-12-07,BUY,INDIGO.NS,103,1016.14,104673.28
2018-12-21,SELL,DIVISLAB.NS,81,1405.11,113802.65
2018-12-21,SELL,ADANIPOWER.NS,14497,10.07,145970.19
2018-12-21,BUY,JWL.NS,3858,27.15,104766.86
2018-12-21,BUY,BEML.NS,296,353.65,104690.7
2018-12-28,SELL,NEWGEN.NS,687,140.1,96238.52
2018-12-28,BUY,GOLDBEES.NS,4044,28.15,113847.96
2018-12-28,BUY,PFC.NS,2000,53.12,106242.18
2019-01-04,SELL,GOLDBEES.NS,88,28.3,2489.98
2019-01-11,SELL,INDIGO.NS,103,1052.37,108383.16
2019-01-11,SELL,JWL.NS,3858,24.47,94405.35
2019-01-11,SELL,GOLDBEES.NS,21,28.53,599.15
2019-01-11,BUY,KAJARIACER.NS,212,493.41,104612.53
2019-01-11,BUY,CREDITACC.NS,255,410.35,104648.73
2019-01-18,SELL,LINDEINDIA.NS,164,595.97,97728.84
2019-01-18,SELL,GOLDBEES.NS,167,28.65,4783.74
2019-01-18,BUY,UNIONBANK.NS,1261,79.89,100748.59
2019-01-25,SELL,PFC.NS,2000,52.16,104300.65
2019-01-25,SELL,UNIONBANK.NS,1261,68.62,86517.56
2019-01-25,SELL,GOLDBEES.NS,147,28.67,4214.0
2019-01-25,BUY,ITI.NS,922,105.0,96819.68
2019-01-25,BUY,MUTHOOTFIN.NS,207,467.73,96829.3
2019-02-01,SELL,BEML.NS,296,318.48,94261.18
2019-02-01,SELL,ITI.NS,922,99.55,91775.92
2019-02-01,SELL,MUTHOOTFIN.NS,207,431.02,89211.85
2019-02-01,SELL,GOLDBEES.NS,134,29.47,3948.25
2019-02-01,BUY,JUBLFOOD.NS,359,266.85,95809.72
2019-02-01,BUY,GVT&D.NS,326,293.45,95675.08
2019-02-01,BUY,IDFCFIRSTB.NS,2148,44.65,95926.05
2019-02-08,SELL,CREDITACC.NS,255,365.6,93218.91
2019-02-08,SELL,GOLDBEES.NS,61,29.21,1781.88
2019-02-08,BUY,NAUKRI.NS,270,345.39,93265.82
2019-02-15,SELL,JUBLFOOD.NS,359,255.63,91762.7
2019-02-15,SELL,GVT&D.NS,326,280.69,91496.97
2019-02-15,SELL,GOLDBEES.NS,95,29.47,2799.08
2019-02-15,BUY,AAVAS.NS,102,897.45,91549.06
2019-02-15,BUY,BATAINDIA.NS,78,1171.81,91410.61
2019-02-22,SELL,KAJARIACER.NS,212,484.49,102702.05
2019-02-22,SELL,NAUKRI.NS,270,321.26,86731.49
2019-02-22,BUY,GOLDBEES.NS,77,29.5,2272.11
2019-02-22,BUY,YESBANK.NS,428,219.0,93739.64
2019-02-22,BUY,MANAPPURAM.NS,944,99.39,93830.62
2019-03-01,BUY,GOLDBEES.NS,133,29.07,3867.23
2019-03-08,SELL,GOLDBEES.NS,3541,28.47,100796.88
2019-03-29,SELL,AAVAS.NS,102,1096.8,111862.42
2019-03-29,BUY,J&KBANK.NS,2019,51.2,103385.2
2019-04-05,SELL,IDFCFIRSTB.NS,2148,54.02,116030.18
2019-04-05,BUY,CREDITACC.NS,190,542.3,103047.25
2019-04-12,SELL,BATAINDIA.NS,78,1314.98,102558.27
2019-04-12,BUY,CGCL.NS,598,175.67,105059.27
2019-04-26,SELL,YESBANK.NS,428,233.99,100137.81
2019-04-26,SELL,MANAPPURAM.NS,944,104.98,99088.22
2019-04-26,BUY,JPPOWER.NS,34010,2.95,100339.53
2019-04-26,BUY,BANDHANBNK.NS,172,580.87,99920.16
2019-05-10,SELL,J&KBANK.NS,2019,51.73,104425.16
2019-05-10,SELL,CREDITACC.NS,190,479.94,91180.29
2019-05-10,SELL,CGCL.NS,598,159.17,95171.54
2019-05-10,BUY,AAVAS.NS,70,1398.4,97897.79
2019-05-10,BUY,DCMSHRIRAM.NS,212,464.07,98391.68
2019-05-10,BUY,NAM-INDIA.NS,616,159.81,98449.8
2019-05-17,SELL,JPPOWER.NS,34010,2.65,90117.49
2019-05-17,SELL,BANDHANBNK.NS,172,543.21,93422.23
2019-05-17,BUY,GOLDBEES.NS,3708,28.26,104815.25
2019-05-17,BUY,POONAWALLA.NS,784,124.77,97828.11
2019-05-17,BUY,GRSE.NS,1004,97.38,97775.49
2019-05-24,SELL,GOLDBEES.NS,3708,27.99,103785.81
2019-05-31,SELL,NAM-INDIA.NS,616,183.65,113115.05
2019-05-31,SELL,POONAWALLA.NS,784,128.39,100649.14
2019-05-31,BUY,GOLDBEES.NS,3740,28.38,106159.29
2019-05-31,BUY,ATGL.NS,604,163.89,98999.48
2019-05-31,BUY,KEI.NS,192,515.83,99049.48
2019-06-07,SELL,AAVAS.NS,70,1413.8,98956.11
2019-06-07,SELL,DCMSHRIRAM.NS,212,474.65,100616.1
2019-06-07,SELL,GOLDBEES.NS,118,28.91,3410.63
2019-06-07,BUY,TTML.NS,20844,4.69,97738.48
2019-06-07,BUY,CGCL.NS,574,170.1,97649.2
2019-06-14,SELL,GRSE.NS,1004,98.76,99142.85
2019-06-14,SELL,KEI.NS,192,457.06,87745.91
2019-06-14,SELL,TTML.NS,20844,3.73,77776.3
2019-06-14,SELL,CGCL.NS,574,157.37,90323.69
2019-06-14,SELL,GOLDBEES.NS,181,29.24,5292.27
2019-06-14,BUY,INTELLECT.NS,347,270.18,93760.5
2019-06-14,BUY,GODREJPROP.NS,102,916.1,93451.54
2019-06-14,BUY,HDFCAMC.NS,108,866.19,93557.87
2019-06-14,BUY,INDIGO.NS,57,1637.99,93374.85
2019-06-21,SELL,ATGL.NS,604,158.52,95737.38
2019-06-21,SELL,INDIGO.NS,57,1544.64,88035.79
2019-06-21,SELL,GOLDBEES.NS,132,29.76,3928.59
2019-06-21,BUY,TATACONSUM.NS,367,250.05,91775.92
2019-06-21,BUY,AAVAS.NS,63,1451.05,91425.29
2019-06-28,SELL,GODREJPROP.NS,102,1002.3,102224.38
2019-06-28,BUY,GOLDBEES.NS,78,29.98,2338.63
2019-06-28,BUY,ATGL.NS,560,169.11,94710.75
2019-07-05,SELL,GOLDBEES.NS,68,30.25,2056.52
2019-07-12,SELL,ATGL.NS,560,162.25,90850.7
2019-07-12,BUY,GOLDBEES.NS,1,30.33,30.33
2019-07-12,BUY,ADANIGREEN.NS,1896,49.55,93956.19
2019-07-19,SELL,ADANIGREEN.NS,1896,45.8,86828.11
2019-07-19,SELL,GOLDBEES.NS,74,31.18,2307.35
2019-07-19,BUY,GRSE.NS,850,111.07,94415.39
2019-07-26,SELL,INTELLECT.NS,347,226.27,78507.63
2019-07-26,SELL,GOLDBEES.NS,38,30.68,1165.89
2019-07-26,BUY,ADANIPOWER.NS,7303,12.58,91880.93
2019-08-02,SELL,AAVAS.NS,63,1467.85,92465.3
2019-08-02,SELL,GOLDBEES.NS,43,31.27,1344.48
2019-08-02,BUY,RITES.NS,1055,87.5,92318.73
2019-08-09,SELL,GRSE.NS,850,112.49,95606.26
2019-08-09,SELL,GOLDBEES.NS,105,32.73,3435.83
2019-08-09,BUY,HDFCLIFE.NS,180,518.81,93395.02
2019-08-16,SELL,ADANIPOWER.NS,7303,11.87,86677.94
2019-08-16,SELL,GOLDBEES.NS,21,32.9,690.89
2019-08-16,BUY,NH.NS,393,237.1,93187.72
2019-08-23,SELL,RITES.NS,1055,79.46,83824.35
2019-08-23,SELL,NH.NS,393,225.89,88764.8
2019-08-23,SELL,GOLDBEES.NS,97,33.09,3209.55
2019-08-23,BUY,TRENT.NS,192,471.48,90533.72
2019-08-23,BUY,APOLLOHOSP.NS,64,1411.69,90357.24
2019-08-30,SELL,TATACONSUM.NS,367,266.0,97610.7
2019-08-30,BUY,GOLDBEES.NS,94,33.8,3177.47
2019-08-30,BUY,ZYDUSWELL.NS,295,323.75,95517.09
2019-09-06,SELL,APOLLOHOSP.NS,64,1469.84,94060.31
2019-09-06,BUY,GOLDBEES.NS,11,33.52,368.81
2019-09-06,BUY,NAM-INDIA.NS,404,235.79,95268.57
2019-09-13,BUY,GOLDBEES.NS,37,33.12,1225.69
2019-09-20,SELL,TRENT.NS,192,486.38,93375.21
2019-09-20,SELL,NAM-INDIA.NS,404,211.49,85433.26
2019-09-20,BUY,GOLDBEES.NS,59,32.82,1936.46
2019-09-20,BUY,GRSE.NS,724,132.95,96265.54
2019-09-20,BUY,BBTC.NS,77,1247.48,96065.86
2019-09-27,BUY,GOLDBEES.NS,65,33.02,2146.61
2019-10-04,SELL,ZYDUSWELL.NS,295,315.53,93073.09
2019-10-04,SELL,BBTC.NS,77,1071.49,82496.51
2019-10-04,SELL,GOLDBEES.NS,162,33.64,5449.22
2019-10-04,BUY,INDIAMART.NS,103,923.41,95120.64
2019-10-04,BUY,BPCL.NS,578,165.31,95560.89
2019-10-11,BUY,GOLDBEES.NS,33,33.66,1110.94
2019-10-18,SELL,HDFCLIFE.NS,180,599.28,107859.19
2019-10-18,SELL,INDIAMART.NS,103,972.0,100105.93
2019-10-18,BUY,GOLDBEES.NS,63,33.76,2127.28
2019-10-18,BUY,ADANIGREEN.NS,1105,89.6,99017.9
2019-10-18,BUY,BERGEPAINT.NS,245,403.83,98949.0
2019-10-25,BUY,GOLDBEES.NS,9,34.28,308.56
2019-11-01,BUY,GOLDBEES.NS,145,34.18,4956.6
2019-11-08,SELL,GOLDBEES.NS,3296,33.5,110419.79
2019-11-15,SELL,BERGEPAINT.NS,245,394.32,96599.95
2019-11-15,BUY,SCI.NS,2006,53.61,107544.3
2019-11-22,SELL,SCI.NS,2006,56.42,113177.02
2019-11-22,BUY,GOLDBEES.NS,3543,33.71,119435.85
2019-11-22,BUY,AFFLE.NS,329,337.83,111157.18
2019-11-29,SELL,GRSE.NS,724,183.51,132845.65
2019-11-29,SELL,GOLDBEES.NS,3543,33.41,118372.2
2019-11-29,BUY,TATACOMM.NS,272,413.2,112400.8
2019-12-06,SELL,HDFCAMC.NS,108,1431.99,154639.1
2019-12-06,SELL,BPCL.NS,578,156.64,90528.87
2019-12-06,SELL,AFFLE.NS,329,293.81,96653.82
2019-12-06,SELL,TATACOMM.NS,272,366.97,99806.3
2019-12-06,BUY,POLYCAB.NS,107,979.34,104799.97
2019-12-06,BUY,JBMA.NS,2238,47.17,105583.15
2019-12-06,BUY,ADANIENT.NS,516,204.55,105557.97
2019-12-06,BUY,PFIZER.NS,28,3768.15,105518.71
2019-12-20,SELL,PFIZER.NS,28,3726.54,104332.8
2019-12-20,BUY,SCI.NS,1896,57.53,109095.34
2019-12-27,BUY,GOLDBEES.NS,3507,34.15,119776.03
2020-01-03,BUY,GOLDBEES.NS,85,35.4,3009.3
2020-01-10,SELL,JBMA.NS,2238,53.67,120110.15
2020-01-10,SELL,ADANIENT.NS,516,207.12,106865.65
2020-01-10,SELL,SCI.NS,1896,54.62,103554.13
2020-01-10,BUY,GOLDBEES.NS,152,34.95,5312.93
2020-01-10,BUY,GPIL.NS,2024,60.34,122143.53
2020-01-10,BUY,SAMMAANCAP.NS,471,259.03,122016.58
2020-01-10,BUY,JINDALSTEL.NS,701,174.19,122118.17
2020-01-17,SELL,ADANIGREEN.NS,1105,188.65,208437.4
2020-01-17,SELL,GOLDBEES.NS,151,34.95,5276.92
2020-01-17,BUY,PGEL.NS,15375,7.62,117233.06
2020-01-24,SELL,POLYCAB.NS,107,985.04,105388.71
2020-01-24,SELL,PGEL.NS,15375,7.14,109759.2
2020-01-24,SELL,GOLDBEES.NS,49,35.4,1734.43
2020-01-24,BUY,JPPOWER.NS,61641,1.9,117129.61
2020-01-24,BUY,AUBANK.NS,219,532.69,116669.91
2020-01-31,SELL,GPIL.NS,2024,49.56,100302.4
2020-01-31,SELL,GOLDBEES.NS,70,35.87,2510.65
2020-01-31,BUY,DIXON.NS,125,927.67,115970.45
2020-02-07,SELL,JPPOWER.NS,61641,1.95,120187.93
2020-02-07,BUY,GOLDBEES.NS,36,35.7,1285.33
2020-02-07,BUY,ADANIGREEN.NS,549,213.0,116948.69
2020-02-14,SELL,ADANIGREEN.NS,549,206.8,113521.85
2020-02-14,SELL,GOLDBEES.NS,43,35.85,1541.4
2020-02-14,BUY,IRCTC.NS,392,295.46,115829.97
2020-02-21,SELL,SAMMAANCAP.NS,471,283.92,133713.67
2020-02-21,SELL,JINDALSTEL.NS,701,190.7,133670.71
2020-02-21,BUY,GOLDBEES.NS,71,36.82,2614.48
2020-02-21,BUY,GRAVITA.NS,1907,63.74,121566.16
2020-02-21,BUY,AMBER.NS,74,1637.45,121183.56
2020-02-28,SELL,DIXON.NS,125,763.0,95364.86
2020-02-28,SELL,IRCTC.NS,392,332.54,130342.65
2020-02-28,SELL,GRAVITA.NS,1907,51.27,97757.99
2020-02-28,SELL,AMBER.NS,74,1369.28,101316.45
2020-02-28,SELL,GOLDBEES.NS,329,37.37,12293.5
2020-02-28,BUY,NAVINFLUOR.NS,79,1399.19,110546.73
2020-02-28,BUY,TRENT.NS,152,732.05,111282.61
2020-02-28,BUY,AJANTPHARM.NS,129,867.48,111916.08
2020-02-28,BUY,POLYMED.NS,380,294.24,111822.92
2020-03-06,SELL,TRENT.NS,152,688.95,104710.31
2020-03-06,SELL,GOLDBEES.NS,106,39.05,4138.89
2020-03-06,BUY,DEEPAKNTR.NS,223,505.29,112691.06
2020-03-13,SELL,AUBANK.NS,219,479.18,104929.63
2020-03-13,SELL,NAVINFLUOR.NS,79,1326.31,104767.66
2020-03-13,SELL,AJANTPHARM.NS,129,793.08,102296.93
2020-03-13,SELL,POLYMED.NS,380,268.46,102004.37
2020-03-13,SELL,DEEPAKNTR.NS,223,456.32,101749.01
2020-03-13,SELL,GOLDBEES.NS,101,36.62,3698.25
2020-03-13,BUY,JBCHEPHARM.NS,380,269.51,102424.1
2020-03-13,BUY,ALKEM.NS,45,2272.0,102250.05
2020-03-13,BUY,COROMANDEL.NS,184,557.51,102591.97
2020-03-13,BUY,BAYERCROP.NS,28,3648.55,102169.68
2020-03-13,BUY,PIDILITIND.NS,137,743.79,101908.76
2020-03-20,SELL,JBCHEPHARM.NS,380,240.01,91193.64
2020-03-20,SELL,ALKEM.NS,45,2210.58,99466.18
2020-03-20,SELL,COROMANDEL.NS,184,515.54,94849.89
2020-03-20,SELL,BAYERCROP.NS,28,3011.28,84307.32
2020-03-20,SELL,PIDILITIND.NS,137,732.92,100400.64
2020-03-20,SELL,GOLDBEES.NS,3002,36.11,108391.38
2020-03-20,BUY,INDIACEM.NS,997,96.9,96621.34
2020-03-20,BUY,IPCALAB.NS,143,675.12,96551.45
2020-03-20,BUY,ABBOTINDIA.NS,7,13521.2,94657.89
2020-03-20,BUY,ZYDUSLIFE.NS,355,272.27,96666.73
2020-03-20,BUY,GOLDBEES.NS,2677,36.11,96676.14
2020-03-27,SELL,IPCALAB.NS,143,611.18,87389.89
2020-03-27,SELL,ABBOTINDIA.NS,7,12979.23,90845.51
2020-03-27,SELL,ZYDUSLIFE.NS,355,243.72,86513.63
2020-03-27,BUY,GOLDBEES.NS,2659,38.17,101504.17
2020-03-27,BUY,HINDUNILVR.NS,48,1934.27,92854.38
2020-03-27,BUY,NESTLEIND.NS,134,705.98,94610.75
2020-03-27,BUY,ZFCVINDIA.NS,15,6207.53,93122.28
2020-04-03,SELL,NESTLEIND.NS,134,705.8,94567.09
2020-04-03,SELL,ZFCVINDIA.NS,15,6134.31,92005.51
2020-04-03,SELL,GOLDBEES.NS,34,38.79,1318.73
2020-04-03,BUY,ABBOTINDIA.NS,6,14506.34,87046.73
2020-04-03,BUY,IPCALAB.NS,139,680.15,94550.17
2020-04-10,BUY,GOLDBEES.NS,47,40.79,1917.32
2020-04-17,SELL,GOLDBEES.NS,107,42.47,4543.84
2020-04-24,SELL,GOLDBEES.NS,20,42.69,853.71
2020-05-01,SELL,HINDUNILVR.NS,48,1983.48,95197.3
2020-05-01,BUY,GOLDBEES.NS,28,42.57,1192.08
2020-05-01,BUY,PATANJALI.NS,760,134.48,102218.77
2020-05-08,BUY,GOLDBEES.NS,110,41.51,4566.56
2020-05-15,BUY,GOLDBEES.NS,182,41.8,7608.36
2020-05-22,SELL,ABBOTINDIA.NS,6,15069.14,90405.8
2020-05-22,SELL,PATANJALI.NS,760,187.28,142318.96
2020-05-22,SELL,GOLDBEES.NS,40,41.65,1665.83
2020-05-22,BUY,CIPLA.NS,178,615.82,109627.21
2020-05-22,BUY,IDEA.NS,19972,5.5,109856.98
2020-05-29,SELL,IPCALAB.NS,139,733.68,101971.36
2020-05-29,BUY,GOLDBEES.NS,67,40.99,2746.6
2020-05-29,BUY,AUROPHARMA.NS,153,720.58,110259.25
2020-06-05,SELL,GOLDBEES.NS,2677,41.19,110254.6
2020-06-05,BUY,GOLDBEES.NS,296,41.19,12193.46
2020-06-05,BUY,PATANJALI.NS,515,237.78,122470.76
2020-06-12,SELL,IDEA.NS,19972,10.15,202695.52
2020-06-12,BUY,GOLDBEES.NS,63,41.8,2633.66
2020-06-12,BUY,ADANIGREEN.NS,377,336.4,126835.48
2020-06-19,SELL,INDIACEM.NS,997,128.35,127951.0
2020-06-19,SELL,CIPLA.NS,178,612.79,109065.27
2020-06-19,BUY,GOLDBEES.NS,279,41.74,11646.63
2020-06-19,BUY,TATACOMM.NS,251,547.14,137345.62
2020-06-19,BUY,JPPOWER.NS,85954,1.6,137540.15
2020-06-26,SELL,ADANIGREEN.NS,377,397.55,149861.36
2020-06-26,BUY,GOLDBEES.NS,197,42.33,8339.84
2020-06-26,BUY,RPOWER.NS,37759,3.9,147274.83
2020-07-03,SELL,PATANJALI.NS,515,382.43,196932.16
2020-07-03,BUY,GOLDBEES.NS,11,42.2,464.25
2020-07-03,BUY,SUZLON.NS,27651,5.33,147274.03
2020-07-10,SELL,RPOWER.NS,37759,3.9,147245.38
2020-07-10,SELL,SUZLON.NS,27651,4.73,130742.99
2020-07-10,SELL,GOLDBEES.NS,230,43.2,9935.01
2020-07-10,BUY,SAMMAANCAP.NS,715,197.66,141342.54
2020-07-10,BUY,JUBLPHARMA.NS,277,509.33,141097.15
2020-07-17,SELL,AUROPHARMA.NS,153,808.42,123675.89
2020-07-17,SELL,JPPOWER.NS,85954,1.8,154701.72
2020-07-17,SELL,GOLDBEES.NS,50,42.88,2143.79
2020-07-17,BUY,JINDALSTEL.NS,794,174.29,138397.61
2020-07-17,BUY,EIDPARRY.NS,497,278.3,138328.67
2020-07-24,SELL,TATACOMM.NS,251,590.49,148197.39
2020-07-24,SELL,SAMMAANCAP.NS,715,181.42,129700.64
2020-07-24,SELL,GOLDBEES.NS,152,44.92,6827.16
2020-07-24,BUY,BLS.NS,7153,19.37,138602.31
2020-07-24,BUY,JPPOWER.NS,69303,2.0,138619.86
2020-07-31,SELL,BLS.NS,7153,18.99,135796.13
2020-07-31,SELL,GOLDBEES.NS,24,47.14,1131.25
2020-07-31,BUY,INTELLECT.NS,918,157.19,144313.86
2020-08-07,BUY,GOLDBEES.NS,125,49.17,6146.86
2020-08-14,SELL,JUBLPHARMA.NS,277,579.81,160592.51
2020-08-14,BUY,GOLDBEES.NS,260,46.32,12044.4
2020-08-14,BUY,BLS.NS,5706,27.79,158572.14
2020-08-21,SELL,JINDALSTEL.NS,794,220.48,175046.77
2020-08-21,SELL,EIDPARRY.NS,497,272.21,135274.41
2020-08-21,BUY,GOLDBEES.NS,67,45.72,3063.55
2020-08-21,BUY,CGPOWER.NS,9574,16.65,159376.69
2020-08-21,BUY,POONAWALLA.NS,4501,35.4,159358.02
2020-08-28,SELL,JPPOWER.NS,69303,2.75,190564.19
2020-08-28,SELL,BLS.NS,5706,25.14,143441.35
2020-08-28,BUY,GOLDBEES.NS,194,45.1,8750.27
2020-08-28,BUY,LAURUSLABS.NS,724,228.1,165161.14
2020-08-28,BUY,NEULANDLAB.NS,174,948.78,165104.28
2020-09-04,SELL,POONAWALLA.NS,4501,34.02,153095.52
2020-09-04,SELL,GOLDBEES.NS,3928,44.72,175642.6
2020-09-04,BUY,BSOFT.NS,1049,156.85,164547.64
2020-09-25,SELL,CGPOWER.NS,9574,21.49,205682.47
2020-09-25,SELL,LAURUSLABS.NS,724,260.35,188473.54
2020-09-25,SELL,NEULANDLAB.NS,174,1059.48,184331.89
2020-09-25,BUY,INDIAMART.NS,67,2537.76,170046.63
2020-09-25,BUY,FSL.NS,2715,63.12,171385.69
2020-09-25,BUY,PERSISTENT.NS,293,583.34,170935.06
2020-10-23,SELL,FSL.NS,2715,64.03,173836.45
2020-10-23,SELL,PERSISTENT.NS,293,560.71,164273.02
2020-10-23,BUY,CGPOWER.NS,6836,25.63,175255.2
2020-10-23,BUY,PGEL.NS,16591,10.56,175249.99
2020-10-30,SELL,INTELLECT.NS,918,234.73,215457.14
2020-10-30,SELL,BSOFT.NS,1049,166.98,175145.94
2020-10-30,BUY,ADANIGREEN.NS,206,856.4,176436.05
2020-10-30,BUY,TTML.NS,23752,7.45,176970.09
2020-11-06,SELL,TTML.NS,23752,7.05,167434.86
2020-11-06,BUY,GOLDBEES.NS,4174,45.61,190395.18
2020-11-06,BUY,BLUEDART.NS,48,3641.85,174826.44
2020-11-13,SELL,GOLDBEES.NS,4174,44.34,185056.65
2020-11-20,SELL,INDIAMART.NS,67,2412.75,161638.07
2020-11-20,SELL,CGPOWER.NS,6836,33.88,231601.18
2020-11-20,SELL,PGEL.NS,16591,12.88,213589.84
2020-11-20,BUY,TTML.NS,25491,7.6,193750.97
2020-11-20,BUY,ATGL.NS,561,344.8,193452.05
2020-11-20,BUY,TEJASNET.NS,1877,103.18,193686.58
2020-11-27,SELL,TTML.NS,25491,7.3,186065.7
2020-11-27,BUY,PGEL.NS,13338,14.44,192672.28
2020-12-04,SELL,BLUEDART.NS,48,3833.43,183986.1
2020-12-04,BUY,CGPOWER.NS,4050,49.39,200058.26
2020-12-11,SELL,ADANIGREEN.NS,206,1041.5,214527.55
2020-12-11,SELL,CGPOWER.NS,4050,44.06,178416.26
2020-12-11,BUY,TTML.NS,25036,8.0,200308.03
2020-12-11,BUY,TARIL.NS,19313,10.37,200309.32
2020-12-25,SELL,TEJASNET.NS,1877,129.48,243018.21
2020-12-25,BUY,ACE.NS,1456,134.18,195380.47
2021-01-01,SELL,PGEL.NS,13338,13.77,183638.41
2021-01-01,SELL,TARIL.NS,19313,9.97,192548.05
2021-01-01,BUY,SUZLON.NS,31641,6.15,194675.94
2021-01-01,BUY,SAIL.NS,3077,63.24,194618.58
2021-01-08,BUY,GOLDBEES.NS,4953,43.83,217111.71
2021-01-15,SELL,ACE.NS,1456,130.61,190149.63
2021-01-15,SELL,SUZLON.NS,31641,6.11,193184.49
2021-01-15,SELL,SAIL.NS,3077,59.55,183218.34
2021-01-15,SELL,GOLDBEES.NS,4953,43.03,213106.27
2021-01-15,BUY,OLECTRA.NS,1461,137.35,200687.4
2021-01-15,BUY,J&KBANK.NS,7260,27.65,200790.18
2021-01-15,BUY,HFCL.NS,6356,31.59,200799.44
2021-01-29,SELL,J&KBANK.NS,7260,26.13,189655.01
2021-01-29,SELL,HFCL.NS,6356,28.62,181879.09
2021-01-29,BUY,ANANTRAJ.NS,5394,40.61,219077.41
2021-01-29,BUY,TRIDENT.NS,16307,13.43,219092.4
2021-02-05,SELL,ATGL.NS,561,381.55,214029.18
2021-02-05,SELL,TRIDENT.NS,16307,13.06,213005.85
2021-02-05,BUY,NCC.NS,3134,77.36,242464.34
2021-02-05,BUY,IIFL.NS,1259,192.53,242423.83
2021-02-12,SELL,TTML.NS,25036,17.0,425569.44
2021-02-12,SELL,NCC.NS,3134,78.52,246064.5
2021-02-12,BUY,GRAPHITE.NS,622,380.77,236863.76
2021-02-12,BUY,POONAWALLA.NS,2440,97.11,236964.44
2021-02-19,SELL,ANANTRAJ.NS,5394,43.24,233190.65
2021-02-19,SELL,IIFL.NS,1259,208.13,262014.22
2021-02-19,BUY,HINDCOPPER.NS,2934,83.53,245102.51
2021-02-19,BUY,INDIANB.NS,1971,124.34,245100.31
2021-03-05,SELL,INDIANB.NS,1971,121.63,239709.11
2021-03-05,BUY,IIFL.NS,949,282.89,268488.95
2021-03-12,SELL,HINDCOPPER.NS,2934,129.79,380766.74
2021-03-12,BUY,PGEL.NS,6244,45.23,282446.29
2021-03-19,SELL,POONAWALLA.NS,2440,115.45,281670.75
2021-03-19,SELL,PGEL.NS,6244,38.69,241558.24
2021-03-19,BUY,INTELLECT.NS,401,662.09,265525.14
2021-03-19,BUY,ANANTRAJ.NS,4935,53.83,265698.73
2021-03-26,SELL,IIFL.NS,949,267.53,253861.88
2021-03-26,BUY,ATGL.NS,286,904.27,258646.9
2021-04-09,SELL,ANANTRAJ.NS,4935,52.74,260269.17
2021-04-09,BUY,GOLDBEES.NS,7579,40.45,306601.21
2021-04-09,BUY,ADANIENT.NS,238,1198.49,285268.88
2021-04-16,SELL,OLECTRA.NS,1461,193.92,283283.9
2021-04-16,SELL,GOLDBEES.NS,286,40.83,11676.21
2021-04-16,BUY,HINDCOPPER.NS,1920,144.76,277960.8
2021-04-23,SELL,HINDCOPPER.NS,1920,134.41,258034.81
2021-04-23,SELL,GOLDBEES.NS,92,41.52,3819.46
2021-04-23,BUY,LINDEINDIA.NS,151,1843.13,278341.05
2021-04-30,BUY,GOLDBEES.NS,240,40.59,9742.57
2021-05-07,BUY,GOLDBEES.NS,388,41.24,16002.72
2021-05-14,SELL,INTELLECT.NS,401,707.82,283806.31
2021-05-14,SELL,ATGL.NS,286,1191.54,340747.59
2021-05-14,SELL,LINDEINDIA.NS,151,1696.83,256195.55
2021-05-14,SELL,GOLDBEES.NS,476,41.49,19747.27
2021-05-14,BUY,HINDCOPPER.NS,1713,166.19,284705.12
2021-05-14,BUY,RPOWER.NS,41877,6.8,284792.08
2021-05-14,BUY,ANGELONE.NS,4765,59.76,284778.31
2021-05-21,SELL,HINDCOPPER.NS,1713,164.24,281318.94
2021-05-21,BUY,GOLDBEES.NS,218,42.17,9193.98
2021-05-21,BUY,ATGL.NS,222,1336.95,296833.55
2021-05-28,BUY,GOLDBEES.NS,148,42.22,6249.19
2021-06-04,BUY,GOLDBEES.NS,969,42.12,40818.36
2021-06-11,SELL,GRAPHITE.NS,622,675.07,419852.16
2021-06-11,BUY,GOLDBEES.NS,253,42.63,10786.47
2021-06-11,BUY,GPIL.NS,1155,307.82,355565.48
2021-06-18,SELL,ADANIENT.NS,238,1483.9,353131.84
2021-06-18,SELL,ANGELONE.NS,4765,72.63,346034.02
2021-06-18,SELL,ATGL.NS,222,1256.81,278983.72
2021-06-18,SELL,GPIL.NS,1155,324.67,374953.34
2021-06-18,SELL,GOLDBEES.NS,8941,40.96,366186.73
2021-06-18,BUY,JPPOWER.NS,60927,5.85,356458.59
2021-06-18,BUY,ELECON.NS,5208,68.43,356420.79
2021-06-18,BUY,TTML.NS,11743,30.35,356435.69
2021-06-18,BUY,JUBLINGREA.NS,673,529.61,356462.38
2021-06-25,SELL,RPOWER.NS,41877,15.05,630185.83
2021-06-25,SELL,JPPOWER.NS,60927,5.55,338111.05
2021-06-25,BUY,HFCL.NS,5645,64.07,361706.32
2021-06-25,BUY,JWL.NS,11751,30.78,361693.65
2021-07-09,SELL,TTML.NS,11743,46.45,545407.81
2021-07-09,BUY,ANGELONE.NS,4648,87.53,406888.03
2021-07-16,SELL,HFCL.NS,5645,79.47,448549.17
2021-07-16,BUY,GOLDBEES.NS,10720,41.85,448676.85
2021-07-16,BUY,NEWGEN.NS,1238,338.16,418679.49
2021-07-23,SELL,ELECON.NS,5208,69.06,359633.67
2021-07-23,SELL,JWL.NS,11751,32.76,384951.76
2021-07-23,SELL,NEWGEN.NS,1238,291.38,360690.45
2021-07-23,SELL,GOLDBEES.NS,10720,41.36,443334.87
2021-07-23,BUY,JSWENERGY.NS,1758,233.5,410537.03
2021-07-23,BUY,FSL.NS,2066,198.65,410456.06
2021-07-23,BUY,FLUOROCHEM.NS,260,1573.32,409103.9
2021-07-30,SELL,JUBLINGREA.NS,673,569.18,383021.27
2021-07-30,SELL,ANGELONE.NS,4648,108.09,502332.67
2021-07-30,SELL,FSL.NS,2066,175.22,361968.98
2021-07-30,BUY,GOLDBEES.NS,10277,41.92,430854.9
2021-07-30,BUY,BSE.NS,3086,130.29,402110.79
2021-07-30,BUY,GRAVITA.NS,2218,181.25,402062.42
2021-07-30,BUY,REDINGTON.NS,2826,142.27,402101.28
2021-08-06,SELL,GOLDBEES.NS,10277,41.3,424397.65
2021-08-13,SELL,BSE.NS,3086,120.94,373189.13
2021-08-13,BUY,TEJASNET.NS,957,416.0,398156.28
2021-08-20,SELL,GRAVITA.NS,2218,184.09,408269.83
2021-08-20,SELL,TEJASNET.NS,957,361.1,345540.08
2021-08-20,BUY,ECLERX.NS,509,750.81,382201.16
2021-08-20,BUY,TITAGARH.NS,4149,92.18,382497.47
2021-08-27,SELL,REDINGTON.NS,2826,132.73,375055.73
2021-08-27,BUY,GRAVITA.NS,2060,188.64,388628.17
2021-09-10,SELL,FLUOROCHEM.NS,260,1635.13,425090.34
2021-09-10,SELL,ECLERX.NS,509,732.42,372762.66
2021-09-10,BUY,TEJASNET.NS,875,448.09,392117.39
2021-09-10,BUY,ZENTEC.NS,1917,204.54,392149.57
2021-09-17,SELL,ZENTEC.NS,1917,193.37,370661.14
2021-09-17,BUY,BLS.NS,5321,74.6,397006.63
2021-09-24,SELL,TITAGARH.NS,4149,93.38,387387.46
2021-09-24,SELL,BLS.NS,5321,56.35,299794.9
2021-09-24,BUY,ZENTEC.NS,1910,204.34,390336.61
2021-09-24,BUY,OLECTRA.NS,934,417.74,390207.8
2021-10-01,SELL,GRAVITA.NS,2060,193.38,398317.03
2021-10-01,BUY,IRCTC.NS,570,725.78,413734.07
2021-10-15,BUY,GOLDBEES.NS,11919,41.52,494926.37
2021-10-22,SELL,TEJASNET.NS,875,440.27,385195.5
2021-10-22,SELL,IRCTC.NS,570,884.37,504039.51
2021-10-22,SELL,GOLDBEES.NS,728,41.29,30056.11
2021-10-22,BUY,TRIDENT.NS,11233,38.39,431328.04
2021-10-22,BUY,CGPOWER.NS,3035,142.1,431320.44
2021-10-29,SELL,JSWENERGY.NS,1758,340.98,599386.88
2021-10-29,SELL,ZENTEC.NS,1910,209.28,399686.52
2021-10-29,SELL,GOLDBEES.NS,305,41.5,12656.23
2021-10-29,BUY,ATGL.NS,293,1437.85,421330.96
2021-10-29,BUY,TRITURBINE.NS,2269,185.84,421715.27
2021-11-05,BUY,GOLDBEES.NS,588,41.36,24322.11
2021-11-12,BUY,GOLDBEES.NS,436,42.45,18510.05
2021-11-19,SELL,TRITURBINE.NS,2269,175.77,398789.22
2021-11-19,BUY,GOLDBEES.NS,149,42.61,6349.52
2021-11-19,BUY,TTML.NS,5991,80.05,479627.53
2021-11-26,SELL,ATGL.NS,293,1643.77,481575.27
2021-11-26,BUY,GOLDBEES.NS,1132,41.77,47288.37
2021-11-26,BUY,JBMA.NS,2850,180.44,514292.65
2021-12-03,SELL,TRIDENT.NS,11233,42.67,479240.16
2021-12-03,SELL,GOLDBEES.NS,13191,40.92,539721.72
2021-12-03,BUY,IDEA.NS,36495,14.45,527405.48
2021-12-10,SELL,OLECTRA.NS,934,774.72,723514.21
2021-12-10,BUY,TRIDENT.NS,10620,52.27,555181.07
2021-12-17,SELL,IDEA.NS,36495,14.05,512703.48
2021-12-17,BUY,GOLDBEES.NS,14665,42.14,618044.89
2021-12-17,BUY,OLECTRA.NS,666,864.89,576071.87
2021-12-24,SELL,TTML.NS,5991,161.8,969246.88
2021-12-24,SELL,OLECTRA.NS,666,794.94,529376.04
2021-12-24,SELL,GOLDBEES.NS,648,41.71,27025.38
2021-12-24,BUY,PGEL.NS,7789,70.06,545722.83
2021-12-24,BUY,UNOMINDA.NS,930,586.44,545446.24
2021-12-31,SELL,GOLDBEES.NS,14017,41.48,581367.01
2022-01-14,SELL,CGPOWER.NS,3035,185.57,563137.58
2022-01-14,BUY,KPITTECH.NS,919,668.7,614599.68
2022-01-21,SELL,PGEL.NS,7789,75.28,586275.94
2022-01-21,SELL,UNOMINDA.NS,930,544.42,506256.38
2022-01-21,BUY,GOLDBEES.NS,15648,41.84,654777.79
2022-01-21,BUY,JPPOWER.NS,63653,9.6,611129.93
2022-01-21,BUY,ELGIEQUIP.NS,1673,365.22,611075.29
2022-01-28,SELL,TRIDENT.NS,10620,57.72,612911.02
2022-01-28,SELL,KPITTECH.NS,919,625.24,574536.02
2022-01-28,SELL,JPPOWER.NS,63653,9.1,579184.4
2022-01-28,SELL,ELGIEQUIP.NS,1673,308.58,516198.4
2022-01-28,SELL,GOLDBEES.NS,15648,41.43,648231.82
2022-01-28,BUY,ADANIGREEN.NS,294,1938.4,569946.6
2022-01-28,BUY,GMDCLTD.NS,5340,106.95,571158.52
2022-01-28,BUY,POONAWALLA.NS,2090,273.17,570992.56
2022-01-28,BUY,GRAVITA.NS,1770,322.52,570923.35
2022-02-04,BUY,GOLDBEES.NS,15176,41.6,631384.71
2022-02-11,SELL,JBMA.NS,2850,283.65,808312.16
2022-02-11,SELL,POONAWALLA.NS,2090,251.07,524691.46
2022-02-11,SELL,GOLDBEES.NS,419,42.19,17675.84
2022-02-11,BUY,ELGIEQUIP.NS,1494,388.9,581081.08
2022-02-11,BUY,BSE.NS,2410,241.05,580977.16
2022-02-18,SELL,GOLDBEES.NS,152,43.18,6562.7
2022-02-25,SELL,ELGIEQUIP.NS,1494,323.43,483154.68
2022-02-25,SELL,BSE.NS,2410,207.22,499347.58
2022-02-25,SELL,GOLDBEES.NS,1060,43.62,46232.58
2022-02-25,BUY,RHIM.NS,1094,504.01,551445.19
2022-02-25,BUY,CREDITACC.NS,780,706.55,551162.05
2022-03-04,SELL,CREDITACC.NS,780,676.24,527412.64
2022-03-04,BUY,GOLDBEES.NS,165,44.65,7367.99
2022-03-04,BUY,DEEPAKFERT.NS,995,573.88,571071.59
2022-03-11,SELL,DEEPAKFERT.NS,995,535.3,532569.31
2022-03-11,SELL,GOLDBEES.NS,225,45.28,10186.98
2022-03-11,BUY,BALRAMCHIN.NS,1201,474.39,569801.87
2022-03-18,BUY,GOLDBEES.NS,469,44.23,20745.94
2022-03-25,SELL,GRAVITA.NS,1770,349.49,618536.72
2022-03-25,BUY,GOLDBEES.NS,374,44.79,16753.14
2022-03-25,BUY,GPIL.NS,1567,382.02,598689.2
2022-04-01,SELL,BALRAMCHIN.NS,1201,470.01,564427.66
2022-04-01,BUY,GOLDBEES.NS,136,44.57,6062.13
2022-04-01,BUY,ADANIPOWER.NS,14787,40.69,601743.18
2022-04-08,BUY,GOLDBEES.NS,1208,44.66,53954.67
2022-04-15,BUY,GOLDBEES.NS,385,45.73,17607.81
2022-04-22,BUY,GOLDBEES.NS,299,45.33,13555.03
2022-04-29,SELL,GMDCLTD.NS,5340,166.64,889772.03
2022-04-29,SELL,GPIL.NS,1567,411.33,644489.01
2022-04-29,SELL,GOLDBEES.NS,204,44.79,9136.25
2022-04-29,BUY,CHENNPETRO.NS,2771,243.65,675232.22
2022-04-29,BUY,SWANCORP.NS,2097,321.88,675057.29
2022-05-06,SELL,RHIM.NS,1094,549.69,601304.67
2022-05-06,SELL,GOLDBEES.NS,16152,44.55,719499.63
2022-05-06,BUY,MRPL.NS,8906,75.06,668591.21
2022-05-13,SELL,ADANIGREEN.NS,294,2171.55,638371.87
2022-05-13,SELL,ADANIPOWER.NS,14787,50.93,753026.6
2022-05-13,SELL,CHENNPETRO.NS,2771,236.59,655515.13
2022-05-13,SELL,SWANCORP.NS,2097,267.35,560567.81
2022-05-13,SELL,MRPL.NS,8906,65.33,581734.06
2022-05-13,BUY,SPLPETRO.NS,1381,431.91,596533.3
2022-05-13,BUY,SOLARINDS.NS,215,2765.69,594681.8
2022-05-13,BUY,GESHIP.NS,1834,325.2,596472.04
2022-05-13,BUY,POWERGRID.NS,4023,148.3,596661.67
2022-05-13,BUY,VBL.NS,4144,143.96,596635.74
2022-05-20,SELL,POWERGRID.NS,4023,143.75,578239.58
2022-05-20,SELL,VBL.NS,4144,145.58,603241.35
2022-05-20,BUY,CHENNPETRO.NS,2029,299.19,607117.84
2022-05-20,BUY,ADANIPOWER.NS,9722,62.45,607199.62
2022-05-27,SELL,SPLPETRO.NS,1381,349.9,483158.13
2022-05-27,SELL,SOLARINDS.NS,215,2562.68,550920.04
2022-05-27,SELL,CHENNPETRO.NS,2029,244.53,496094.32
2022-05-27,BUY,BLS.NS,6095,93.45,569657.66
2022-05-27,BUY,ATGL.NS,232,2453.71,569318.2
2022-05-27,BUY,JWL.NS,9782,58.23,569639.42
2022-06-03,SELL,ADANIPOWER.NS,9722,56.82,552348.8
2022-06-03,SELL,ATGL.NS,232,2387.79,553910.93
2022-06-03,BUY,MRPL.NS,6630,83.12,551112.35
2022-06-03,BUY,BDL.NS,1419,388.1,550772.62
2022-06-10,SELL,GESHIP.NS,1834,344.05,630922.45
2022-06-10,BUY,CHENNPETRO.NS,1859,316.07,587639.88
2022-06-17,SELL,JWL.NS,9782,52.07,509319.89
2022-06-17,SELL,MRPL.NS,6630,91.22,604696.11
2022-06-17,SELL,CHENNPETRO.NS,1859,283.57,527107.67
2022-06-17,BUY,ELECON.NS,4313,128.41,553878.05
2022-06-17,BUY,APARINDS.NS,626,883.48,553116.6
2022-06-17,BUY,HAL.NS,614,901.59,553628.75
2022-06-24,SELL,BDL.NS,1419,355.11,503845.44
2022-06-24,BUY,M&M.NS,524,1034.24,541997.8
2022-07-01,BUY,GOLDBEES.NS,13067,44.36,579710.09
2022-07-08,SELL,HAL.NS,614,826.49,507413.43
2022-07-08,SELL,GOLDBEES.NS,13067,43.57,569272.25
2022-07-08,BUY,AIAENG.NS,248,2256.93,559775.14
2022-07-29,BUY,GOLDBEES.NS,14865,44.06,655017.42
2022-08-05,SELL,AIAENG.NS,248,2340.31,580338.19
2022-08-05,BUY,GOLDBEES.NS,20,44.72,894.49
2022-08-05,BUY,ELGIEQUIP.NS,1472,422.04,621303.85
2022-08-12,SELL,BLS.NS,6095,114.91,700285.65
2022-08-12,SELL,GOLDBEES.NS,52,45.0,2339.77
2022-08-12,BUY,TIMKEN.NS,203,3057.99,620834.69
2022-08-19,SELL,M&M.NS,524,1207.93,632890.07
2022-08-19,SELL,ELGIEQUIP.NS,1472,416.99,613752.65
2022-08-19,SELL,GOLDBEES.NS,117,44.42,5196.62
2022-08-19,BUY,HSCL.NS,6123,99.64,610163.45
2022-08-19,BUY,ATGL.NS,180,3387.44,609799.77
2022-08-26,SELL,TIMKEN.NS,203,2924.96,593707.84
2022-08-26,BUY,GOLDBEES.NS,531,44.3,23525.65
2022-08-26,BUY,TITAGARH.NS,4001,157.53,630324.01
2022-09-02,SELL,ELECON.NS,4313,179.75,775167.51
2022-09-02,SELL,GOLDBEES.NS,15247,43.37,661196.25
2022-09-02,BUY,ANANTRAJ.NS,6780,93.17,631765.9
2022-09-09,SELL,APARINDS.NS,626,1174.14,734938.91
2022-09-09,SELL,TITAGARH.NS,4001,156.43,625807.71
2022-09-09,BUY,KIRLOSENG.NS,2434,255.44,621812.72
2022-09-09,BUY,TIINDIA.NS,227,2733.55,620577.19
2022-09-16,SELL,ATGL.NS,180,3525.2,634472.05
2022-09-16,BUY,TATAINVEST.NS,2224,268.85,597982.88
2022-09-23,SELL,TATAINVEST.NS,2224,236.18,525212.69
2022-09-23,BUY,KARURVYSYA.NS,8846,67.72,599152.28
2022-10-07,SELL,HSCL.NS,6123,107.0,655105.06
2022-10-07,SELL,TIINDIA.NS,227,2733.9,620532.17
2022-10-07,BUY,GOLDBEES.NS,14970,44.49,666081.93
2022-10-07,BUY,MAZDOCK.NS,2040,304.63,621503.99
2022-10-07,BUY,INOXWIND.NS,16364,37.99,621689.6
2022-10-14,SELL,GOLDBEES.NS,14970,43.26,647537.41
2022-10-21,SELL,KIRLOSENG.NS,2434,248.26,604199.39
2022-10-21,BUY,TARIL.NS,23339,26.89,627621.56
2022-11-11,SELL,INOXWIND.NS,16364,32.15,526050.01
2022-11-11,BUY,GOLDBEES.NS,15893,44.76,711441.79
2022-11-11,BUY,COCHINSHIP.NS,2191,302.95,663838.35
2022-11-18,SELL,TARIL.NS,23339,27.71,646740.81
2022-11-18,SELL,GOLDBEES.NS,269,45.26,12173.72
2022-11-18,BUY,RVNL.NS,10850,60.83,660065.02
2022-11-25,SELL,ANANTRAJ.NS,6780,103.16,699387.47
2022-11-25,BUY,GOLDBEES.NS,439,44.98,19748.19
2022-11-25,BUY,UNIONBANK.NS,9669,69.74,674382.44
2022-12-02,BUY,GOLDBEES.NS,180,45.88,8259.23
2022-12-09,SELL,RVNL.NS,10850,64.82,703267.31
2022-12-09,SELL,GOLDBEES.NS,347,46.11,15998.57
2022-12-09,BUY,UCOBANK.NS,29524,23.17,684162.41
2022-12-16,SELL,KARURVYSYA.NS,8846,89.17,788761.64
2022-12-16,SELL,UNIONBANK.NS,9669,77.22,746519.87
2022-12-16,BUY,GOLDBEES.NS,1154,46.1,53204.72
2022-12-16,BUY,FACT.NS,2740,267.67,733480.15
2022-12-16,BUY,CENTRALBK.NS,20050,36.59,733674.1
2022-12-23,SELL,MAZDOCK.NS,2040,340.85,695273.26
2022-12-23,SELL,COCHINSHIP.NS,2191,238.41,522308.66
2022-12-23,SELL,UCOBANK.NS,29524,28.96,855031.99
2022-12-23,SELL,FACT.NS,2740,242.2,663563.72
2022-12-23,SELL,CENTRALBK.NS,20050,28.8,577395.13
2022-12-23,SELL,GOLDBEES.NS,2366,46.69,110457.49
2022-12-23,BUY,JSL.NS,3135,204.09,639872.2
2022-12-23,BUY,INDIANB.NS,2548,251.12,639914.43
2022-12-23,BUY,APARINDS.NS,395,1616.09,638420.63
2022-12-23,BUY,JINDALSTEL.NS,1229,520.55,639820.51
2022-12-23,BUY,MCX.NS,2104,304.12,639937.91
2022-12-30,SELL,APARINDS.NS,395,1752.27,692077.49
2022-12-30,SELL,JINDALSTEL.NS,1229,576.45,708383.59
2022-12-30,SELL,MCX.NS,2104,305.92,643598.92
2022-12-30,BUY,GOLDBEES.NS,795,46.79,37201.77
2022-12-30,BUY,FACT.NS,1816,372.12,675841.2
2022-12-30,BUY,J&KBANK.NS,12481,54.16,676066.98
2022-12-30,BUY,IOB.NS,21059,32.1,676061.47
2023-01-06,SELL,J&KBANK.NS,12481,52.87,659838.08
2023-01-06,SELL,IOB.NS,21059,30.95,651710.89
2023-01-06,SELL,GOLDBEES.NS,377,47.5,17905.71
2023-01-06,BUY,BANKINDIA.NS,7801,85.82,669579.78
2023-01-06,BUY,RVNL.NS,9601,69.73,669568.08
2023-01-13,SELL,INDIANB.NS,2548,263.88,672300.1
2023-01-13,SELL,FACT.NS,1816,320.24,581503.54
2023-01-13,SELL,GOLDBEES.NS,188,48.23,9066.33
2023-01-13,BUY,J&KBANK.NS,12363,54.31,671446.74
2023-01-13,BUY,MAHABANK.NS,23642,28.4,671446.76
2023-01-20,SELL,BANKINDIA.NS,7801,82.84,646163.94
2023-01-20,SELL,J&KBANK.NS,12363,52.73,651828.49
2023-01-20,SELL,GOLDBEES.NS,259,48.76,12627.58
2023-01-20,BUY,SWANCORP.NS,1843,361.79,666845.83
2023-01-20,BUY,GPIL.NS,1658,402.19,666900.29
2023-01-27,SELL,MAHABANK.NS,23642,24.86,587663.1
2023-01-27,SELL,GOLDBEES.NS,622,48.78,30338.13
2023-01-27,BUY,JWL.NS,5717,111.74,638878.18
2023-02-03,SELL,SWANCORP.NS,1843,272.6,502359.22
2023-02-03,SELL,JWL.NS,5717,104.79,599023.61
2023-02-03,SELL,GOLDBEES.NS,530,49.42,26189.98
2023-02-03,BUY,JINDALSAW.NS,9869,63.11,622875.34
2023-02-03,BUY,GRAVITA.NS,1262,493.37,622691.15
2023-02-10,SELL,RVNL.NS,9601,68.91,661580.31
2023-02-10,BUY,GOLDBEES.NS,299,48.66,14550.79
2023-02-10,BUY,USHAMART.NS,3378,185.55,626840.38
2023-02-17,SELL,GPIL.NS,1658,358.11,593681.97
2023-02-17,BUY,GOLDBEES.NS,53,47.95,2541.6
2023-02-17,BUY,APARINDS.NS,264,2340.61,617983.12
2023-02-24,SELL,GRAVITA.NS,1262,467.75,590235.19
2023-02-24,SELL,USHAMART.NS,3378,176.12,594876.17
2023-02-24,SELL,GOLDBEES.NS,13855,47.78,661925.68
2023-02-24,BUY,ZENTEC.NS,2324,266.35,619061.44
2023-02-24,BUY,PGEL.NS,4633,133.59,618996.15
2023-03-17,SELL,JINDALSAW.NS,9869,75.18,741837.78
2023-03-17,BUY,GOLDBEES.NS,13927,49.75,692937.54
2023-03-17,BUY,USHAMART.NS,3136,206.21,646729.01
2023-03-24,SELL,PGEL.NS,4633,129.94,601930.2
2023-03-24,SELL,GOLDBEES.NS,425,50.9,21630.34
2023-03-24,BUY,SONATSOFTW.NS,1625,394.66,641379.05
2023-03-31,SELL,JSL.NS,3135,284.96,893268.56
2023-03-31,SELL,USHAMART.NS,3136,209.53,657013.91
2023-03-31,BUY,GOLDBEES.NS,333,51.07,17008.01
2023-03-31,BUY,FINCABLES.NS,829,795.32,659383.69
2023-03-31,BUY,POLICYBZR.NS,1032,638.9,659410.76
2023-04-07,SELL,GOLDBEES.NS,46,51.81,2383.02
2023-04-14,SELL,GOLDBEES.NS,138,51.94,7167.0
2023-04-21,BUY,GOLDBEES.NS,176,51.29,9027.94
2023-04-28,SELL,ZENTEC.NS,2324,290.3,674582.9
2023-04-28,BUY,GOLDBEES.NS,75,51.25,3844.13
2023-04-28,BUY,ANURAS.NS,590,1125.4,664054.14
2023-05-05,SELL,GOLDBEES.NS,165,52.5,8661.63
2023-05-12,SELL,APARINDS.NS,264,2625.82,693146.02
2023-05-12,SELL,POLICYBZR.NS,1032,606.45,625793.83
2023-05-12,BUY,GOLDBEES.NS,74,51.91,3841.72
2023-05-12,BUY,GVT&D.NS,3075,217.54,669007.44
2023-05-12,BUY,NEULANDLAB.NS,260,2566.15,667266.01
2023-05-19,SELL,FINCABLES.NS,829,862.12,714622.16
2023-05-19,BUY,GOLDBEES.NS,545,51.44,28037.6
2023-05-19,BUY,ADANIPOWER.NS,14596,47.22,689292.06
2023-05-26,SELL,SONATSOFTW.NS,1625,467.95,760345.65
2023-05-26,SELL,GVT&D.NS,3075,193.81,595916.75
2023-05-26,SELL,GOLDBEES.NS,4,51.33,205.3
2023-05-26,BUY,ADANIGREEN.NS,713,963.35,686937.22
2023-05-26,BUY,ADANIENT.NS,270,2540.86,686102.08
2023-06-02,SELL,GOLDBEES.NS,14352,51.32,736470.98
2023-06-09,SELL,ANURAS.NS,590,1082.2,638433.19
2023-06-09,SELL,ADANIPOWER.NS,14596,55.24,806202.44
2023-06-09,SELL,ADANIENT.NS,270,2447.79,660837.81
2023-06-09,BUY,FORCEMOT.NS,315,2156.45,679350.51
2023-06-09,BUY,TITAGARH.NS,1618,420.85,681004.09
2023-06-09,BUY,SUZLON.NS,48655,14.0,681238.12
2023-06-16,SELL,ADANIGREEN.NS,713,975.05,695141.12
2023-06-16,BUY,MAZDOCK.NS,1200,577.99,693662.99
2023-06-23,SELL,MAZDOCK.NS,1200,570.91,685027.56
2023-06-23,BUY,FACT.NS,1682,414.28,696893.57
2023-07-07,SELL,NEULANDLAB.NS,260,3085.62,802181.89
2023-07-07,BUY,MAZDOCK.NS,1192,643.7,767364.74
2023-07-14,SELL,FACT.NS,1682,492.38,828092.29
2023-07-14,BUY,OLECTRA.NS,592,1372.55,812628.35
2023-07-28,SELL,OLECTRA.NS,592,1176.3,696302.09
2023-07-28,BUY,GOLDBEES.NS,17827,50.67,903384.39
2023-07-28,BUY,ZENTEC.NS,1345,626.74,843049.99
2023-08-04,SELL,GOLDBEES.NS,17827,50.5,900173.47
2023-08-11,SELL,MAZDOCK.NS,1192,847.48,1010090.02
2023-08-11,BUY,JWL.NS,3700,245.32,907776.26
2023-09-01,SELL,FORCEMOT.NS,315,3471.12,1093294.11
2023-09-01,BUY,GOLDBEES.NS,22298,50.37,1123262.55
2023-09-01,BUY,KALYANKJIL.NS,4292,244.24,1048366.82
2023-09-08,SELL,GOLDBEES.NS,22298,50.21,1119470.6
2023-09-15,SELL,JWL.NS,3700,349.58,1293334.67
2023-09-15,BUY,IRFC.NS,13330,75.83,1010944.6
2023-09-22,SELL,ZENTEC.NS,1345,718.76,966631.44
2023-09-22,SELL,KALYANKJIL.NS,4292,214.59,920926.66
2023-09-22,SELL,IRFC.NS,13330,71.77,956606.62
2023-09-22,BUY,IFCI.NS,42895,23.05,988828.59
2023-09-22,BUY,J&KBANK.NS,9462,104.49,988822.72
2023-09-22,BUY,IOB.NS,22548,43.85,988828.64
2023-09-29,SELL,TITAGARH.NS,1618,778.25,1259081.79
2023-09-29,SELL,SUZLON.NS,48655,25.8,1255173.43
2023-09-29,BUY,IRFC.NS,13786,73.16,1008634.28
2023-09-29,BUY,GVT&D.NS,2285,441.31,1008504.3
2023-10-06,SELL,IRFC.NS,13786,71.53,986037.72
2023-10-06,BUY,GMDCLTD.NS,3185,315.13,1003801.78
2023-10-13,SELL,IOB.NS,22548,43.25,975103.48
2023-10-13,SELL,GVT&D.NS,2285,393.26,898508.98
2023-10-13,BUY,ITI.NS,3790,271.1,1027571.77
2023-10-13,BUY,IRFC.NS,14038,73.2,1027742.37
2023-10-20,BUY,GOLDBEES.NS,21106,51.59,1088967.43
2023-10-27,SELL,IFCI.NS,42895,22.05,945740.13
2023-10-27,SELL,J&KBANK.NS,9462,99.45,940876.29
2023-10-27,SELL,GMDCLTD.NS,3185,352.52,1122674.97
2023-10-27,SELL,ITI.NS,3790,272.65,1033240.14
2023-10-27,SELL,IRFC.NS,14038,68.76,965160.35
2023-10-27,SELL,GOLDBEES.NS,930,51.64,48020.4
2023-10-27,BUY,BSE.NS,1579,615.64,972188.55
2023-10-27,BUY,TARIL.NS,11973,81.22,972500.19
2023-10-27,BUY,SUZLON.NS,30294,32.1,972534.6
2023-10-27,BUY,SWANCORP.NS,2634,369.06,972205.91
2023-10-27,BUY,ANGELONE.NS,3982,244.18,972415.95
2023-11-03,BUY,GOLDBEES.NS,755,51.8,39112.91
2023-11-10,BUY,GOLDBEES.NS,918,51.31,47107.29
2023-11-17,BUY,GOLDBEES.NS,1433,51.86,74322.81
2023-11-24,SELL,SWANCORP.NS,2634,421.34,1109704.36
2023-11-24,SELL,GOLDBEES.NS,552,52.15,28783.92
2023-11-24,BUY,MCX.NS,1899,582.48,1106230.82
2023-12-01,BUY,GOLDBEES.NS,60,53.29,3197.72
2023-12-08,SELL,TARIL.NS,11973,94.26,1128472.93
2023-12-08,SELL,GOLDBEES.NS,56,52.94,2964.34
2023-12-08,BUY,ITI.NS,3816,294.3,1123161.06
2023-12-15,BUY,GOLDBEES.NS,399,52.81,21073.3
2023-12-22,SELL,SUZLON.NS,30294,37.25,1128338.65
2023-12-22,SELL,GOLDBEES.NS,301,53.19,16008.59
2023-12-22,BUY,INOXWIND.NS,10003,113.31,1133578.28
2023-12-29,SELL,BSE.NS,1579,734.03,1158911.15
2023-12-29,BUY,GOLDBEES.NS,261,53.66,14006.66
2023-12-29,BUY,GALLANTT.NS,6460,179.02,1156608.44
2024-01-05,SELL,MCX.NS,1899,625.67,1188034.28
2024-01-05,SELL,ITI.NS,3816,311.6,1188946.72
2024-01-05,BUY,GOLDBEES.NS,655,53.14,34810.18
2024-01-05,BUY,SIGNATURE.NS,1115,1055.5,1177000.19
2024-01-05,BUY,WOCKPHARMA.NS,2419,486.8,1177686.93
2024-01-12,SELL,INOXWIND.NS,10003,110.01,1100344.96
2024-01-12,SELL,GOLDBEES.NS,278,52.99,14729.75
2024-01-12,BUY,PRESTIGE.NS,842,1377.64,1160090.33
2024-01-19,SELL,ANGELONE.NS,3982,321.42,1279783.76
2024-01-19,SELL,PRESTIGE.NS,842,1273.51,1072189.43
2024-01-19,SELL,GOLDBEES.NS,913,52.84,48238.1
2024-01-19,BUY,IRFC.NS,7186,154.81,1112545.95
2024-01-19,BUY,HUDCO.NS,7421,149.91,1112558.85
2024-01-26,SELL,GOLDBEES.NS,22557,52.72,1189086.15
2024-02-02,SELL,WOCKPHARMA.NS,2419,443.45,1072598.31
2024-02-02,BUY,GOLDBEES.NS,24372,53.58,1305982.39
2024-02-02,BUY,IFCI.NS,20212,60.3,1218905.46
2024-02-09,SELL,IRFC.NS,7186,148.48,1066858.82
2024-02-09,SELL,GOLDBEES.NS,94,53.05,4986.2
2024-02-09,BUY,INOXWIND.NS,9387,128.05,1202125.58
2024-02-16,SELL,IFCI.NS,20212,54.35,1098412.32
2024-02-16,SELL,GOLDBEES.NS,24278,52.35,1270826.17
2024-02-16,BUY,MRPL.NS,5236,233.73,1223950.78
2024-02-23,SELL,MRPL.NS,5236,238.39,1248073.55
2024-02-23,BUY,OIL.NS,3334,367.78,1226312.94
2024-03-08,SELL,INOXWIND.NS,9387,130.93,1228870.1
2024-03-08,BUY,GOLDBEES.NS,23629,55.44,1310122.73
2024-03-08,BUY,TATAINVEST.NS,1263,967.83,1222488.85
2024-03-15,SELL,GALLANTT.NS,6460,191.62,1237735.07
2024-03-15,SELL,SIGNATURE.NS,1115,1227.7,1368748.56
2024-03-15,SELL,OIL.NS,3334,345.43,1151562.77
2024-03-15,SELL,TATAINVEST.NS,1263,748.89,945753.81
2024-03-15,SELL,GOLDBEES.NS,2501,55.73,139366.79
2024-03-15,BUY,FORCEMOT.NS,168,6504.69,1092897.85
2024-03-15,BUY,OFSS.NS,140,7819.41,1094827.51
2024-03-15,BUY,EIHOTEL.NS,2652,414.27,1098744.24
2024-03-15,BUY,KPIL.NS,1082,1015.54,1098924.53
2024-03-22,SELL,HUDCO.NS,7421,172.24,1278070.47
2024-03-22,BUY,GOLDBEES.NS,200,55.99,11199.12
2024-03-22,BUY,GVT&D.NS,1264,881.63,1114494.08
2024-03-29,SELL,GVT&D.NS,1264,845.69,1068846.04
2024-03-29,BUY,GOLDBEES.NS,62,56.61,3510.17
2024-03-29,BUY,SCHNEIDER.NS,1525,741.05,1130214.24
2024-04-05,BUY,GOLDBEES.NS,281,59.03,16589.09
2024-04-12,SELL,GOLDBEES.NS,903,61.91,55899.14
2024-04-19,SELL,OFSS.NS,140,7032.65,984471.85
2024-04-19,SELL,SCHNEIDER.NS,1525,718.4,1095450.48
2024-04-19,SELL,GOLDBEES.NS,251,62.24,15620.68
2024-04-19,BUY,TARIL.NS,3588,332.09,1191648.21
2024-04-19,BUY,INDUSTOWER.NS,3391,351.4,1191716.54
2024-04-26,SELL,TARIL.NS,3588,313.89,1126141.94
2024-04-26,BUY,GOLDBEES.NS,327,61.33,20056.92
2024-04-26,BUY,JYOTICNC.NS,1477,807.4,1192649.09
2024-05-03,SELL,JYOTICNC.NS,1477,803.1,1186060.05
2024-05-03,BUY,GOLDBEES.NS,328,60.48,19839.42
2024-05-03,BUY,SCHNEIDER.NS,1458,819.55,1195023.37
2024-05-10,SELL,EIHOTEL.NS,2652,482.56,1279614.5
2024-05-10,SELL,GOLDBEES.NS,1021,61.92,63214.0
2024-05-10,BUY,HINDZINC.NS,2386,487.99,1164463.61
2024-05-17,SELL,FORCEMOT.NS,168,8821.87,1481926.46
2024-05-17,SELL,KPIL.NS,1082,1184.41,1281404.82
2024-05-17,BUY,GOLDBEES.NS,843,61.96,52237.5
2024-05-17,BUY,POWERINDIA.NS,109,11076.59,1207469.13
2024-05-17,BUY,ABB.NS,146,8293.42,1210960.82
2024-05-24,BUY,GOLDBEES.NS,1169,60.89,71187.53
2024-05-31,SELL,INDUSTOWER.NS,3391,348.15,1180458.57
2024-05-31,SELL,SCHNEIDER.NS,1458,685.45,999286.18
2024-05-31,SELL,HINDZINC.NS,2386,649.8,1550271.81
2024-05-31,SELL,GOLDBEES.NS,1188,61.29,72805.24
2024-05-31,BUY,COCHINSHIP.NS,624,1922.6,1199820.15
2024-05-31,BUY,TARIL.NS,3429,349.85,1199772.38
2024-05-31,BUY,TECHNOE.NS,854,1403.47,1198686.55
2024-06-07,SELL,ABB.NS,146,7998.1,1167605.49
2024-06-07,SELL,TECHNOE.NS,854,1217.69,1039805.83
2024-06-07,SELL,GOLDBEES.NS,325,61.09,19852.26
2024-06-07,BUY,TEJASNET.NS,919,1280.25,1176665.61
2024-06-07,BUY,GRSE.NS,881,1335.07,1176311.34
2024-06-14,SELL,POWERINDIA.NS,109,11082.79,1207902.89
2024-06-14,SELL,GOLDBEES.NS,20650,60.6,1251264.83
2024-06-14,BUY,TECHNOE.NS,872,1441.37,1257002.24
2024-06-21,SELL,GRSE.NS,881,1621.86,1428713.07
2024-06-21,BUY,GOLDBEES.NS,21913,61.53,1348441.69
2024-06-21,BUY,MAZDOCK.NS,656,1916.13,1257109.94
2024-06-28,SELL,TARIL.NS,3429,361.28,1238688.6
2024-06-28,SELL,GOLDBEES.NS,21913,60.63,1328452.35
2024-06-28,BUY,GRSE.NS,619,2070.51,1281775.07
2024-07-05,BUY,GOLDBEES.NS,25215,61.48,1550373.21
2024-07-12,SELL,GOLDBEES.NS,557,61.89,34469.28
2024-07-19,SELL,COCHINSHIP.NS,624,2510.49,1566386.36
2024-07-19,SELL,MAZDOCK.NS,656,2524.55,1655940.82
2024-07-19,SELL,GOLDBEES.NS,1068,62.41,66647.21
2024-07-19,BUY,RVNL.NS,2266,606.29,1373985.63
2024-07-19,BUY,EMAMILTD.NS,1786,769.23,1373975.81
2024-07-26,SELL,TEJASNET.NS,919,1293.9,1188974.32
2024-07-26,SELL,GRSE.NS,619,2182.61,1350903.12
2024-07-26,SELL,RVNL.NS,2266,545.63,1236283.77
2024-07-26,SELL,GOLDBEES.NS,23590,59.99,1415022.62
2024-07-26,BUY,PGEL.NS,3030,441.26,1337156.16
2024-07-26,BUY,IFCI.NS,16058,83.28,1337443.95
2024-07-26,BUY,PTCIL.NS,95,13990.7,1329249.43
2024-08-09,SELL,IFCI.NS,16058,70.73,1135668.82
2024-08-09,BUY,GRAVITA.NS,724,1799.63,1303064.8
2024-08-16,SELL,TECHNOE.NS,872,1629.97,1421194.34
2024-08-16,BUY,NEULANDLAB.NS,117,11655.5,1363829.64
2024-08-23,SELL,PTCIL.NS,95,13360.0,1269073.08
2024-08-23,BUY,AIIL.NS,4064,342.54,1392225.15
2024-08-30,SELL,EMAMILTD.NS,1786,782.11,1396716.27
2024-08-30,BUY,GOLDBEES.NS,24642,60.66,1494933.19
2024-08-30,BUY,PCBL.NS,2945,473.6,1394880.44
2024-09-06,BUY,GOLDBEES.NS,447,60.66,27117.73
2024-09-13,BUY,GOLDBEES.NS,317,61.64,19541.83
2024-09-20,SELL,GOLDBEES.NS,82,62.43,5118.75
2024-09-27,BUY,GOLDBEES.NS,588,63.48,37329.97
2024-10-04,SELL,GRAVITA.NS,724,2360.56,1708872.99
2024-10-04,SELL,GOLDBEES.NS,1137,63.99,72749.36
2024-10-04,BUY,RPOWER.NS,29042,50.95,1479837.89
2024-10-11,SELL,PCBL.NS,2945,492.68,1450796.32
2024-10-11,SELL,RPOWER.NS,29042,44.23,1284399.19
2024-10-11,BUY,GOLDBEES.NS,76,63.54,4829.52
2024-10-11,BUY,BSE.NS,986,1494.1,1473334.23
2024-10-11,BUY,SARDAEN.NS,2957,498.25,1473470.96
2024-10-18,SELL,NEULANDLAB.NS,117,14073.0,1646375.89
2024-10-18,SELL,BSE.NS,986,1420.45,1400426.97
2024-10-18,SELL,GOLDBEES.NS,609,65.18,39690.65
2024-10-18,BUY,MOTILALOFS.NS,1455,1013.55,1474858.0
2024-10-18,BUY,JUBLPHARMA.NS,1255,1174.63,1474308.38
2024-10-25,SELL,PGEL.NS,3030,565.75,1714052.93
2024-10-25,SELL,AIIL.NS,4064,321.65,1307068.99
2024-10-25,SELL,MOTILALOFS.NS,1455,858.32,1248731.7
2024-10-25,SELL,JUBLPHARMA.NS,1255,1053.85,1322445.02
2024-10-25,SELL,GOLDBEES.NS,1988,65.45,130101.58
2024-10-25,BUY,MCX.NS,1051,1292.57,1358630.46
2024-10-25,BUY,PAYTM.NS,1826,744.45,1359501.66
2024-10-25,BUY,AMBER.NS,220,6171.2,1357799.81
2024-10-25,BUY,PPLPHARMA.NS,5565,244.27,1359508.11
2024-11-01,SELL,SARDAEN.NS,2957,454.31,1343259.6
2024-11-01,BUY,GOLDBEES.NS,75,66.92,5019.5
2024-11-01,BUY,BSE.NS,940,1483.21,1394352.42
2024-11-08,BUY,GOLDBEES.NS,1050,65.0,68256.82
2024-11-15,SELL,MCX.NS,1051,1185.6,1245943.02
2024-11-15,SELL,PPLPHARMA.NS,5565,258.28,1437199.4
2024-11-15,SELL,GOLDBEES.NS,23379,61.79,1444443.97
2024-11-15,BUY,RAINBOW.NS,819,1646.47,1348593.95
2024-11-15,BUY,NEULANDLAB.NS,86,15577.35,1339786.12
2024-11-22,BUY,GOLDBEES.NS,22729,65.33,1485034.1
2024-11-29,BUY,GOLDBEES.NS,439,64.29,28226.13
2024-12-06,SELL,AMBER.NS,220,5806.45,1277291.3
2024-12-06,SELL,RAINBOW.NS,819,1639.68,1342766.67
2024-12-06,SELL,GOLDBEES.NS,23168,63.99,1482372.11
2024-12-06,BUY,CARTRADE.NS,997,1452.15,1447938.35
2024-12-06,BUY,TARIL.NS,2804,516.66,1448861.49
2024-12-13,SELL,NEULANDLAB.NS,86,15252.37,1311572.58
2024-12-13,BUY,GOLDBEES.NS,24194,64.61,1563330.67
2024-12-13,BUY,PGEL.NS,1592,916.15,1458650.57
2024-12-20,SELL,GOLDBEES.NS,24194,63.32,1531810.88
2025-01-03,SELL,BSE.NS,940,1774.32,1667694.54
2025-01-03,BUY,GOLDBEES.NS,24855,65.07,1617476.57
2025-01-03,BUY,ITI.NS,3302,457.1,1509495.15
2025-01-10,SELL,PAYTM.NS,1826,847.7,1547745.43
2025-01-10,SELL,PGEL.NS,1592,881.46,1403146.26
2025-01-10,SELL,ITI.NS,3302,442.7,1461649.26
2025-01-10,SELL,GOLDBEES.NS,2078,65.93,136988.84
2025-01-10,BUY,AMBER.NS,178,7831.15,1394084.08
2025-01-10,BUY,LLOYDSME.NS,967,1448.57,1400904.85
2025-01-10,BUY,SYRMA.NS,2473,566.75,1401715.17
2025-01-17,SELL,CARTRADE.NS,997,1472.25,1467686.47
2025-01-17,SELL,TARIL.NS,2804,509.89,1429584.44
2025-01-17,SELL,AMBER.NS,178,6757.5,1202714.72
2025-01-17,SELL,SYRMA.NS,2473,531.37,1313937.69
2025-01-17,SELL,GOLDBEES.NS,1381,66.66,92048.26
2025-01-17,BUY,BSE.NS,667,1993.3,1329661.81
2025-01-17,BUY,BLS.NS,2678,496.91,1330865.83
2025-01-17,BUY,MANAPPURAM.NS,6957,191.34,1331295.87
2025-01-17,BUY,WOCKPHARMA.NS,947,1404.55,1330241.91
2025-01-24,SELL,BLS.NS,2678,434.29,1162899.27
2025-01-24,SELL,WOCKPHARMA.NS,947,1376.05,1302989.08
2025-01-24,SELL,GOLDBEES.NS,866,67.77,58682.95
2025-01-24,BUY,REDINGTON.NS,5945,218.42,1298631.3
2025-01-24,BUY,PARADEEP.NS,10964,118.44,1298678.19
2025-01-31,SELL,LLOYDSME.NS,967,1238.17,1197195.19
2025-01-31,SELL,BSE.NS,667,1763.09,1175863.0
2025-01-31,SELL,REDINGTON.NS,5945,201.74,1199225.94
2025-01-31,SELL,PARADEEP.NS,10964,112.3,1231085.76
2025-01-31,SELL,GOLDBEES.NS,1241,69.08,85719.71
2025-01-31,BUY,BLUEJET.NS,1660,749.13,1243683.61
2025-01-31,BUY,CARTRADE.NS,753,1651.4,1243628.57
2025-01-31,BUY,BDL.NS,960,1295.39,1243697.48
2025-01-31,BUY,ZENSARTECH.NS,1453,855.7,1243456.45
2025-02-07,SELL,GOLDBEES.NS,121,71.54,8655.47
2025-02-14,SELL,MANAPPURAM.NS,6957,175.94,1223860.14
2025-02-14,SELL,BLUEJET.NS,1660,721.93,1198283.85
2025-02-14,SELL,CARTRADE.NS,753,1567.8,1180435.38
2025-02-14,SELL,BDL.NS,960,1098.19,1054161.72
2025-02-14,SELL,ZENSARTECH.NS,1453,816.6,1186406.08
2025-02-14,SELL,GOLDBEES.NS,1578,72.22,113951.77
2025-02-14,BUY,SRF.NS,432,2743.58,1185346.8
2025-02-14,BUY,SBICARD.NS,1389,853.45,1185562.31
2025-02-14,BUY,REDINGTON.NS,4941,239.92,1185566.05
2025-02-14,BUY,BAJFINANCE.NS,1421,834.08,1185350.82
2025-02-14,BUY,NAVINFLUOR.NS,295,4006.05,1181902.15
2025-02-21,BUY,GOLDBEES.NS,60,72.08,4325.23
2025-02-28,SELL,REDINGTON.NS,4941,219.44,1084127.06
2025-02-28,SELL,NAVINFLUOR.NS,295,3752.83,1106974.88
2025-02-28,SELL,GOLDBEES.NS,163,71.1,11588.14
2025-02-28,BUY,BLUEJET.NS,1541,752.68,1159989.46
2025-02-28,BUY,MANAPPURAM.NS,5818,199.43,1160415.35
2025-03-07,BUY,GOLDBEES.NS,206,72.21,14876.75
2025-03-14,SELL,GOLDBEES.NS,104,72.82,7572.52
2025-03-21,BUY,GOLDBEES.NS,563,73.95,41638.01
2025-03-28,SELL,GOLDBEES.NS,126,74.16,9343.23
2025-04-04,SELL,BLUEJET.NS,1541,724.92,1116997.23
2025-04-04,SELL,GOLDBEES.NS,883,74.99,66209.55
2025-04-04,BUY,FORCEMOT.NS,135,8856.55,1195753.39
2025-04-11,SELL,SBICARD.NS,1389,849.03,1179178.59
2025-04-11,SELL,GOLDBEES.NS,520,77.9,40503.95
2025-04-11,BUY,CHAMBLFERT.NS,1911,632.37,1208581.42
2025-04-18,SELL,SRF.NS,432,2980.98,1287656.37
2025-04-18,SELL,MANAPPURAM.NS,5818,227.47,1323276.23
2025-04-18,SELL,GOLDBEES.NS,56,79.53,4453.23
2025-04-18,BUY,GALLANTT.NS,2633,466.93,1229542.38
2025-04-18,BUY,NH.NS,664,1850.04,1228551.29
2025-04-25,SELL,GOLDBEES.NS,152,80.03,12163.34
2025-05-02,SELL,BAJFINANCE.NS,1421,881.41,1252360.14
2025-05-02,BUY,GOLDBEES.NS,410,78.38,32139.01
2025-05-02,BUY,GLAXO.NS,436,2818.45,1228968.55
2025-05-09,SELL,GALLANTT.NS,2633,414.92,1092372.17
2025-05-09,SELL,GOLDBEES.NS,644,80.8,52030.0
2025-05-09,BUY,KPRMILL.NS,938,1299.9,1219429.76
2025-05-16,SELL,CHAMBLFERT.NS,1911,619.48,1183714.04
2025-05-16,SELL,NH.NS,664,1770.43,1175448.16
2025-05-16,SELL,KPRMILL.NS,938,1170.19,1097524.05
2025-05-16,BUY,GOLDBEES.NS,452,77.78,35160.08
2025-05-16,BUY,GRSE.NS,489,2464.39,1205207.76
2025-05-16,BUY,DATAPATTNS.NS,422,2859.62,1206880.37
2025-05-16,BUY,BDL.NS,658,1834.72,1207369.12
2025-05-23,SELL,GLAXO.NS,436,2982.02,1300031.14
2025-05-23,SELL,GOLDBEES.NS,94,79.51,7473.19
2025-05-23,BUY,ZENTEC.NS,649,1889.34,1226302.99
2025-05-30,BUY,GOLDBEES.NS,1360,79.49,108117.21
2025-06-06,SELL,GOLDBEES.NS,136,81.23,11046.18
2025-06-13,SELL,ZENTEC.NS,649,1972.32,1279908.35
2025-06-13,SELL,GOLDBEES.NS,510,83.13,42392.06
2025-06-13,BUY,BSE.NS,493,2711.2,1336755.24
2025-06-20,SELL,BSE.NS,493,2688.1,1325100.82
2025-06-20,BUY,GOLDBEES.NS,527,82.23,43339.55
2025-06-20,BUY,PARADEEP.NS,8282,164.77,1364722.21
2025-06-27,SELL,GRSE.NS,489,3011.45,1472451.29
2025-06-27,SELL,DATAPATTNS.NS,422,2815.55,1188044.23
2025-06-27,SELL,PARADEEP.NS,8282,157.16,1301469.62
2025-06-27,SELL,GOLDBEES.NS,17780,79.81,1418879.85
2025-06-27,BUY,JMFINANCIL.NS,8426,157.6,1328077.52
2025-06-27,BUY,MCX.NS,752,1764.56,1327082.41
2025-06-27,BUY,INTELLECT.NS,1163,1141.19,1327337.9
2025-07-04,SELL,FORCEMOT.NS,135,14310.41,1931711.65
2025-07-04,BUY,GOLDBEES.NS,17727,80.89,1434080.41
2025-07-04,BUY,GABRIEL.NS,1412,947.65,1338222.54
2025-07-11,SELL,BDL.NS,658,1849.27,1216695.58
2025-07-11,SELL,MCX.NS,752,1603.48,1205693.33
2025-07-11,SELL,GOLDBEES.NS,4,81.15,324.57
2025-07-11,BUY,FORCEMOT.NS,81,16384.83,1327303.64
2025-07-11,BUY,APARINDS.NS,155,8620.46,1336305.21
2025-07-18,SELL,GOLDBEES.NS,101,81.73,8253.9
2025-07-25,SELL,INTELLECT.NS,1163,1036.4,1205212.7
2025-07-25,SELL,GABRIEL.NS,1412,988.63,1395809.07
2025-07-25,SELL,GOLDBEES.NS,210,82.1,17239.28
2025-07-25,BUY,SCHNEIDER.NS,1461,913.2,1334318.64
2025-07-25,BUY,GVT&D.NS,548,2432.04,1332893.36
2025-08-01,SELL,JMFINANCIL.NS,8426,150.44,1267490.98
2025-08-01,SELL,FORCEMOT.NS,81,16672.19,1350312.46
2025-08-01,BUY,GOLDBEES.NS,221,81.95,18112.76
2025-08-01,BUY,GALLANTT.NS,1785,755.57,1348824.94
2025-08-01,BUY,GABRIEL.NS,1351,998.19,1348692.11
2025-08-08,SELL,APARINDS.NS,155,8696.5,1347822.7
2025-08-08,SELL,GOLDBEES.NS,660,84.36,55672.03
2025-08-08,BUY,FORCEMOT.NS,75,17764.78,1332491.68
2025-08-15,SELL,SCHNEIDER.NS,1461,871.0,1272403.75
2025-08-15,SELL,GALLANTT.NS,1785,653.65,1166645.46
2025-08-15,BUY,GOLDBEES.NS,165,83.14,13719.47
2025-08-15,BUY,JMFINANCIL.NS,7224,184.08,1329930.99
2025-08-15,BUY,ANANDRATHI.NS,491,2705.16,1328366.1
2025-08-22,SELL,GVT&D.NS,548,2770.0,1517808.2
2025-08-22,BUY,GOLDBEES.NS,563,82.62,46519.71
2025-08-22,BUY,BELRISE.NS,9312,146.58,1365089.47
2025-08-29,SELL,FORCEMOT.NS,75,19434.1,1457411.42
2025-08-29,SELL,GOLDBEES.NS,991,85.34,84563.48
2025-08-29,BUY,CARTRADE.NS,555,2398.0,1331023.09
2025-09-05,SELL,BELRISE.NS,9312,136.62,1272078.17
2025-09-05,SELL,GOLDBEES.NS,51,88.65,4520.7
2025-09-05,BUY,NETWEB.NS,447,3079.4,1376629.41
2025-09-12,SELL,JMFINANCIL.NS,7224,178.21,1287248.01
2025-09-12,SELL,CARTRADE.NS,555,2338.2,1297571.2
2025-09-12,SELL,GOLDBEES.NS,738,91.26,67343.15
2025-09-12,BUY,ATHERENERG.NS,2499,542.55,1355968.0
2025-09-12,BUY,SYRMA.NS,1646,823.83,1356151.57
2025-09-19,BUY,GOLDBEES.NS,621,91.29,56696.76
2025-09-26,SELL,GOLDBEES.NS,614,94.22,57845.3
2025-10-03,BUY,GOLDBEES.NS,413,97.07,40093.92
2025-10-10,SELL,GABRIEL.NS,1351,1268.91,1714123.55
2025-10-10,SELL,ANANDRATHI.NS,491,2950.38,1448493.94
2025-10-10,SELL,GOLDBEES.NS,616,100.67,62006.52
2025-10-10,BUY,GMDCLTD.NS,2435,606.55,1477096.92
2025-10-10,BUY,HBLENGINE.NS,1678,880.23,1477170.84
2025-10-17,SELL,NETWEB.NS,447,3833.1,1713224.4
2025-10-17,SELL,SYRMA.NS,1646,787.0,1295272.46
2025-10-17,SELL,GMDCLTD.NS,2435,567.1,1380750.35
2025-10-17,SELL,GOLDBEES.NS,836,108.11,90370.92
2025-10-17,BUY,ADANIPOWER.NS,9051,165.98,1502435.17
2025-10-17,BUY,ACUTAAS.NS,912,1646.9,1502123.02
2025-10-17,BUY,FORTIS.NS,1384,1084.9,1501651.78
2025-10-24,SELL,FORTIS.NS,1384,1037.3,1435479.71
2025-10-24,BUY,GOLDBEES.NS,811,101.7,82486.95
2025-10-24,BUY,SAMMAANCAP.NS,7916,188.25,1490336.02
2025-10-31,BUY,GOLDBEES.NS,285,100.02,28508.55
2025-11-07,SELL,ATHERENERG.NS,2499,654.65,1635806.81
2025-11-07,SELL,ADANIPOWER.NS,9051,151.48,1370908.34
2025-11-07,SELL,GOLDBEES.NS,263,99.94,26281.59
2025-11-07,BUY,CHENNPETRO.NS,1454,1008.31,1466232.54
2025-11-07,BUY,LTF.NS,4830,303.6,1466534.67
2025-11-14,SELL,GOLDBEES.NS,563,103.81,58439.18
2025-11-21,SELL,HBLENGINE.NS,1678,894.59,1500974.0
2025-11-21,SELL,ACUTAAS.NS,912,1701.8,1551886.44
2025-11-21,SELL,SAMMAANCAP.NS,7916,158.91,1257805.8
2025-11-21,SELL,GOLDBEES.NS,384,102.0,39164.08
2025-11-21,BUY,ATHERENERG.NS,2021,695.9,1406554.59
2025-11-21,BUY,MRPL.NS,8434,166.76,1406609.76
2025-11-21,BUY,JKTYRE.NS,3150,446.45,1406458.17
2025-11-28,SELL,CHENNPETRO.NS,1454,908.95,1321480.18
2025-11-28,SELL,MRPL.NS,8434,154.79,1305404.54
2025-11-28,SELL,GOLDBEES.NS,454,104.62,47492.73
2025-11-28,BUY,IDEA.NS,140407,9.96,1398593.57
2025-11-28,BUY,SHRIRAMFIN.NS,1642,851.65,1398549.18
2025-12-05,SELL,ATHERENERG.NS,2021,675.2,1364442.77
2025-12-05,SELL,GOLDBEES.NS,147,106.89,15711.26
2025-12-05,BUY,HINDCOPPER.NS,3808,371.25,1413879.5
2025-12-12,SELL,GOLDBEES.NS,149,109.61,16330.26
2025-12-19,BUY,GOLDBEES.NS,271,109.82,29764.2
2025-12-26,SELL,LTF.NS,4830,301.3,1455133.41
2025-12-26,BUY,GOLDBEES.NS,142,114.31,16233.64
2025-12-26,BUY,NATIONALUM.NS,5083,303.05,1540582.42
2026-01-02,BUY,GOLDBEES.NS,867,110.52,95830.42
