Date,Total Equity,Cash,Invested Value,Active Positions,Holdings
2016-06-24,374968.16049862345,56573.14673328836,318395.0137653351,6,"GOLDBEES.NS: 2027, HSCL.NS: 1835, MANAPPURAM.NS: 960, MFSL.NS: 98, SPLPETRO.NS: 696, MUTHOOTFIN.NS: 221"
2016-07-01,387829.6189530073,55270.62566305975,332558.9932899475,6,"GOLDBEES.NS: 2076, HSCL.NS: 1835, MANAPPURAM.NS: 960, MFSL.NS: 98, SPLPETRO.NS: 696, MUTHOOTFIN.NS: 221"
2016-07-08,398537.0782060315,54404.22762772344,344132.8505783081,6,"GOLDBEES.NS: 2109, HSCL.NS: 1835, MANAPPURAM.NS: 960, MFSL.NS: 98, SPLPETRO.NS: 696, MUTHOOTFIN.NS: 221"
2016-07-15,390549.1003108487,53100.57072214935,337448.52958869934,6,"GOLDBEES.NS: 2095, HSCL.NS: 1835, MANAPPURAM.NS: 960, MFSL.NS: 98, MUTHOOTFIN.NS: 221, PCBL.NS: 3830"
2016-07-22,394180.49700060056,52414.6043881433,341765.8926124573,6,"GOLDBEES.NS: 2122, HSCL.NS: 1835, MANAPPURAM.NS: 960, MFSL.NS: 98, MUTHOOTFIN.NS: 221, PCBL.NS: 3830"
2016-07-29,414598.6867267481,51571.71635550177,363026.97037124634,6,"GOLDBEES.NS: 2224, MANAPPURAM.NS: 960, MFSL.NS: 98, MUTHOOTFIN.NS: 221, PCBL.NS: 3830, JMFINANCIL.NS: 948"
2016-08-05,419973.91563959525,53381.919749931534,366591.9958896637,6,"GOLDBEES.NS: 2164, MANAPPURAM.NS: 960, MFSL.NS: 98, MUTHOOTFIN.NS: 221, PCBL.NS: 3830, JMFINANCIL.NS: 948"
2016-08-12,412983.73714402097,41485.88183930298,371497.855304718,6,"GOLDBEES.NS: 2158, MANAPPURAM.NS: 960, MUTHOOTFIN.NS: 221, PCBL.NS: 3830, INDIANB.NS: 335, HSCL.NS: 1583"
2016-08-19,419636.7703701189,46744.59784089831,372892.1725292206,6,"GOLDBEES.NS: 2196, MANAPPURAM.NS: 960, PCBL.NS: 3830, INDIANB.NS: 335, HSCL.NS: 1583, VEDL.NS: 986"
2016-08-26,415768.5965145464,41343.22467311576,374425.37184143066,6,"GOLDBEES.NS: 2194, MANAPPURAM.NS: 960, PCBL.NS: 3830, INDIANB.NS: 335, VEDL.NS: 986, ESCORTS.NS: 189"
2016-09-02,423742.8869188393,102558.46387654194,321184.42304229736,5,"MANAPPURAM.NS: 960, PCBL.NS: 3830, INDIANB.NS: 335, VEDL.NS: 986, ESCORTS.NS: 189"
2016-09-09,433101.34223054163,102686.3107287716,330415.03150177,5,"MANAPPURAM.NS: 960, PCBL.NS: 3830, INDIANB.NS: 335, VEDL.NS: 986, ESCORTS.NS: 189"
2016-09-16,427231.500525257,96105.9191043586,331125.58142089844,5,"MANAPPURAM.NS: 960, PCBL.NS: 3830, INDIANB.NS: 335, ESCORTS.NS: 189, CGCL.NS: 1380"
2016-09-23,453817.5393725017,28166.526768741955,425651.01260375977,6,"GOLDBEES.NS: 2396, MANAPPURAM.NS: 960, PCBL.NS: 3830, INDIANB.NS: 335, ESCORTS.NS: 189, CGCL.NS: 1380"
2016-09-30,450612.2446309967,102780.61008662416,347831.63454437256,5,"PCBL.NS: 3830, ESCORTS.NS: 189, CGCL.NS: 1380, JUBLPHARMA.NS: 148, IDFCFIRSTB.NS: 819"
2016-10-07,475461.0021675739,102908.73386084173,372552.2683067322,5,"PCBL.NS: 3830, ESCORTS.NS: 189, CGCL.NS: 1380, JUBLPHARMA.NS: 148, IDFCFIRSTB.NS: 819"
2016-10-14,467576.5138028544,111561.21012624919,356015.3036766052,5,"ESCORTS.NS: 189, CGCL.NS: 1380, JUBLPHARMA.NS: 148, IDFCFIRSTB.NS: 819, JSL.NS: 1987"
2016-10-21,488712.46976551507,111700.27957996822,377012.1901855469,5,"ESCORTS.NS: 189, CGCL.NS: 1380, JUBLPHARMA.NS: 148, IDFCFIRSTB.NS: 819, JSL.NS: 1987"
2016-10-28,483595.9217053048,111839.52239423915,371756.3993110657,5,"ESCORTS.NS: 189, CGCL.NS: 1380, JUBLPHARMA.NS: 148, IDFCFIRSTB.NS: 819, JSL.NS: 1987"
2016-11-04,454578.35793736356,136685.71342900174,317892.6445083618,5,"SWANCORP.NS: 564, BLS.NS: 1488, UNOMINDA.NS: 1049, RADICO.NS: 473, CAPLIPOINT.NS: 181"
2016-11-11,452391.23109433404,124739.99128720515,327651.2398071289,5,"SWANCORP.NS: 564, BLS.NS: 1488, CGCL.NS: 934, JSL.NS: 1571, MGL.NS: 106"
2016-11-18,435793.99777118885,122821.56802265368,312972.42974853516,5,"SWANCORP.NS: 564, BLS.NS: 1488, MGL.NS: 106, OLECTRA.NS: 2040, MRF.NS: 1"
2016-11-25,428535.8079099902,103828.97267439446,324706.8352355957,5,"SWANCORP.NS: 564, MGL.NS: 106, VEDL.NS: 802, TATACOMM.NS: 170, JUBLPHARMA.NS: 129"
2016-12-02,434957.8519504799,103958.40331156392,330999.448638916,5,"SWANCORP.NS: 564, MGL.NS: 106, VEDL.NS: 802, TATACOMM.NS: 170, JUBLPHARMA.NS: 129"
2016-12-09,447632.6252223631,104087.99529377422,343544.62992858887,5,"SWANCORP.NS: 564, MGL.NS: 106, VEDL.NS: 802, TATACOMM.NS: 170, JUBLPHARMA.NS: 129"
2016-12-16,461945.2889731601,95784.43221122769,366160.8567619324,5,"SWANCORP.NS: 564, MGL.NS: 106, VEDL.NS: 802, TATACOMM.NS: 170, JSL.NS: 1699"
2016-12-23,423360.75356533733,122461.6589074394,300899.09465789795,5,"MGL.NS: 106, TATACOMM.NS: 170, BLS.NS: 1302, ENGINERSIN.NS: 494, SONATSOFTW.NS: 1106"
2016-12-30,423013.4709693055,118626.71987448735,304386.7510948181,5,"MGL.NS: 106, TATACOMM.NS: 170, BLS.NS: 1302, SONATSOFTW.NS: 1106, NATIONALUM.NS: 1581"
2017-01-06,429880.0490052019,117726.05950706347,312153.9894981384,5,"MGL.NS: 106, SONATSOFTW.NS: 1106, NATIONALUM.NS: 1581, CHAMBLFERT.NS: 853, MMTC.NS: 1490"
2017-01-13,443087.8707758351,60490.32832206928,382597.54245376587,6,"GOLDBEES.NS: 2512, SONATSOFTW.NS: 1106, NATIONALUM.NS: 1581, CHAMBLFERT.NS: 853, MMTC.NS: 1490, ITI.NS: 1239"
2017-01-20,439048.0450764675,59091.88947496604,379956.15560150146,6,"GOLDBEES.NS: 2467, SONATSOFTW.NS: 1106, NATIONALUM.NS: 1581, CHAMBLFERT.NS: 853, MMTC.NS: 1490, FACT.NS: 1680"
2017-01-27,438579.883477908,52959.80549023707,385620.0779876709,6,"GOLDBEES.NS: 2509, SONATSOFTW.NS: 1106, NATIONALUM.NS: 1581, CHAMBLFERT.NS: 853, MMTC.NS: 1490, SWANCORP.NS: 318"
2017-02-03,418843.0623710369,59355.333588383124,359487.7287826538,6,"GOLDBEES.NS: 2376, NATIONALUM.NS: 1581, CHAMBLFERT.NS: 853, ITI.NS: 1193, ADANIENT.NS: 1161, IDEA.NS: 888"
2017-02-10,409124.4726574798,60523.396186151105,348601.07647132874,6,"GOLDBEES.NS: 2313, CHAMBLFERT.NS: 853, ADANIENT.NS: 1161, IDEA.NS: 888, FACT.NS: 1542, GPIL.NS: 2382"
2017-02-17,403160.5577371718,57996.53382474202,345164.0239124298,6,"GOLDBEES.NS: 2251, ADANIENT.NS: 1161, IDEA.NS: 888, FACT.NS: 1542, OLECTRA.NS: 1209, BEML.NS: 111"
2017-02-24,410720.0097939438,56940.32499856417,353779.68479537964,6,"GOLDBEES.NS: 2293, ADANIENT.NS: 1161, IDEA.NS: 888, FACT.NS: 1542, OLECTRA.NS: 1209, BEML.NS: 111"
2017-03-03,414564.3538241778,56584.09749559505,357980.25632858276,6,"GOLDBEES.NS: 2336, IDEA.NS: 888, FACT.NS: 1542, OLECTRA.NS: 1209, BEML.NS: 111, JINDALSTEL.NS: 465"
2017-03-10,417582.93726221815,108565.56740443007,309017.3698577881,5,"OLECTRA.NS: 1209, BEML.NS: 111, JINDALSTEL.NS: 465, JSL.NS: 840, ESCORTS.NS: 119"
2017-03-17,430506.6529300082,108700.90256379724,321805.75036621094,5,"OLECTRA.NS: 1209, BEML.NS: 111, JINDALSTEL.NS: 465, JSL.NS: 840, ESCORTS.NS: 119"
2017-03-24,423687.896628695,106106.56835873652,317581.3282699585,5,"OLECTRA.NS: 1209, JINDALSTEL.NS: 465, JSL.NS: 840, ESCORTS.NS: 119, GPIL.NS: 2352"
2017-03-31,440609.629183263,106238.83819052618,334370.7909927368,5,"OLECTRA.NS: 1209, JINDALSTEL.NS: 465, JSL.NS: 840, ESCORTS.NS: 119, GPIL.NS: 2352"
2017-04-07,454740.09722074715,38170.445662824815,416569.65155792236,6,"GOLDBEES.NS: 2572, OLECTRA.NS: 1209, JINDALSTEL.NS: 465, JSL.NS: 840, ESCORTS.NS: 119, GPIL.NS: 2352"
2017-04-14,454558.6756958848,38005.299147117716,416553.3765487671,6,"GOLDBEES.NS: 2546, OLECTRA.NS: 1209, JINDALSTEL.NS: 465, JSL.NS: 840, ESCORTS.NS: 119, IIFL.NS: 295"
2017-04-21,471250.0360398338,20972.320822243462,450277.71521759033,6,"GOLDBEES.NS: 2640, OLECTRA.NS: 1209, JSL.NS: 840, ESCORTS.NS: 119, IIFL.NS: 295, ADANIENT.NS: 846"
2017-04-28,433301.8490813232,120464.72837667231,312837.1207046509,5,"ESCORTS.NS: 119, IIFL.NS: 295, ITI.NS: 526, HEG.NS: 1155, SUNTV.NS: 83"
2017-05-05,428404.6560927002,116463.98977571414,311940.6663169861,5,"ESCORTS.NS: 119, IIFL.NS: 295, ITI.NS: 526, HEG.NS: 1155, OLECTRA.NS: 601"
2017-05-12,430238.3249016771,110796.03173837755,319442.29316329956,5,"ESCORTS.NS: 119, IIFL.NS: 295, HEG.NS: 1155, OLECTRA.NS: 601, MOTILALOFS.NS: 61"
2017-05-19,422916.58568922523,49918.5499836588,372998.0357055664,6,"GOLDBEES.NS: 2418, ESCORTS.NS: 119, OLECTRA.NS: 601, MOTILALOFS.NS: 61, GRAVITA.NS: 762, CEATLTD.NS: 36"
2017-05-26,409692.7915135019,44563.31188207797,365129.47963142395,6,"GOLDBEES.NS: 2335, ESCORTS.NS: 119, MOTILALOFS.NS: 61, GRAVITA.NS: 762, CEATLTD.NS: 36, KEC.NS: 241"
2017-06-02,429670.792459948,105741.88434837575,323928.90811157227,5,"ESCORTS.NS: 119, MOTILALOFS.NS: 61, GRAVITA.NS: 762, CEATLTD.NS: 36, KEC.NS: 241"
2017-06-09,433540.05001020484,40845.71038198522,392694.3396282196,6,"GOLDBEES.NS: 2467, ESCORTS.NS: 119, MOTILALOFS.NS: 61, GRAVITA.NS: 762, CEATLTD.NS: 36, KEC.NS: 241"
2017-06-16,432632.35470328515,105294.9242070693,327337.4304962158,5,"ESCORTS.NS: 119, MOTILALOFS.NS: 61, GRAVITA.NS: 762, CEATLTD.NS: 36, KEC.NS: 241"
2017-06-23,422639.9648643903,98802.242704051,323837.72216033936,5,"ESCORTS.NS: 119, MOTILALOFS.NS: 61, CEATLTD.NS: 36, PCBL.NS: 1304, HSCL.NS: 837"
2017-06-30,424500.1544244669,120636.84271792395,303863.31170654297,5,"CEATLTD.NS: 36, PCBL.NS: 1304, HSCL.NS: 837, HEG.NS: 954, PGEL.NS: 2066"
2017-07-07,429373.51410648564,120787.22563144904,308586.2884750366,5,"CEATLTD.NS: 36, PCBL.NS: 1304, HSCL.NS: 837, HEG.NS: 954, PGEL.NS: 2066"
2017-07-14,423831.68464233406,120937.79600860605,302893.888633728,5,"CEATLTD.NS: 36, PCBL.NS: 1304, HSCL.NS: 837, HEG.NS: 954, PGEL.NS: 2066"
2017-07-21,454131.32582826074,119038.2977139419,335093.02811431885,5,"PCBL.NS: 1304, HSCL.NS: 837, HEG.NS: 954, PGEL.NS: 2066, CAPLIPOINT.NS: 92"
2017-07-28,447040.6449214136,119186.68792068119,327853.9570007324,5,"PCBL.NS: 1304, HSCL.NS: 837, HEG.NS: 954, PGEL.NS: 2066, CAPLIPOINT.NS: 92"
2017-08-04,463841.3424679552,119335.26310699327,344506.0793609619,5,"PCBL.NS: 1304, HSCL.NS: 837, HEG.NS: 954, PGEL.NS: 2066, CAPLIPOINT.NS: 92"
2017-08-11,443190.3177691534,51291.6113844946,391898.7063846588,6,"GOLDBEES.NS: 2535, PCBL.NS: 1304, HSCL.NS: 837, HEG.NS: 954, GRAPHITE.NS: 333, POONAWALLA.NS: 361"
2017-08-18,455225.62983954407,49571.59584105472,405654.0339984894,6,"GOLDBEES.NS: 2603, PCBL.NS: 1304, HSCL.NS: 837, HEG.NS: 954, GRAPHITE.NS: 333, POONAWALLA.NS: 361"
2017-08-25,468261.3082355362,47110.459305177355,421150.8489303589,6,"GOLDBEES.NS: 2700, PCBL.NS: 1304, HSCL.NS: 837, HEG.NS: 954, GRAPHITE.NS: 333, POONAWALLA.NS: 361"
2017-09-01,521437.5413251913,41375.810650447675,480061.73067474365,6,"GOLDBEES.NS: 2916, PCBL.NS: 1304, HSCL.NS: 837, HEG.NS: 954, GRAPHITE.NS: 333, POONAWALLA.NS: 361"
2017-09-08,532622.7238012801,41901.736702586306,490720.98709869385,6,"GOLDBEES.NS: 2924, PCBL.NS: 1304, HEG.NS: 954, GRAPHITE.NS: 333, OLECTRA.NS: 357, HFCL.NS: 2837"
2017-09-15,580187.3209853249,33646.290515430504,546541.0304698944,6,"GOLDBEES.NS: 3225, HEG.NS: 954, GRAPHITE.NS: 333, OLECTRA.NS: 357, HFCL.NS: 2837, JBMA.NS: 702"
2017-09-22,590715.6114712468,7220.888952325884,583494.7225189209,6,"GOLDBEES.NS: 3316, HEG.NS: 954, GRAPHITE.NS: 333, JBMA.NS: 702, HSCL.NS: 628, SARDAEN.NS: 2050"
2017-09-29,581668.7060220125,66350.32488797924,515318.3811340332,6,"GOLDBEES.NS: 3272, GRAPHITE.NS: 333, HSCL.NS: 628, GRAVITA.NS: 663, ASAHIINDIA.NS: 219, JSL.NS: 737"
2017-10-06,631715.1091846265,58086.956917170435,573628.152267456,6,"GOLDBEES.NS: 3588, GRAPHITE.NS: 333, HSCL.NS: 628, GRAVITA.NS: 663, ASAHIINDIA.NS: 219, JSL.NS: 737"
2017-10-13,643649.2697541398,47721.76445171067,595927.5053024292,6,"GOLDBEES.NS: 3580, GRAPHITE.NS: 333, HSCL.NS: 628, GRAVITA.NS: 663, JSL.NS: 737, HEG.NS: 411"
2017-10-20,629824.616230359,44427.59471165163,585397.0215187073,6,"GOLDBEES.NS: 3515, GRAPHITE.NS: 333, HSCL.NS: 628, GRAVITA.NS: 663, HEG.NS: 411, BBTC.NS: 53"
2017-10-27,646759.963098566,136835.6408329411,509924.322265625,5,"GRAPHITE.NS: 333, HSCL.NS: 628, GRAVITA.NS: 663, HEG.NS: 411, BBTC.NS: 53"
2017-11-03,703688.3854089107,137006.21676877394,566682.1686401367,5,"GRAPHITE.NS: 333, HSCL.NS: 628, GRAVITA.NS: 663, HEG.NS: 411, BBTC.NS: 53"
2017-11-10,701889.7232053527,137177.0053403624,564712.7178649902,5,"GRAPHITE.NS: 333, HSCL.NS: 628, GRAVITA.NS: 663, HEG.NS: 411, BBTC.NS: 53"
2017-11-17,698411.1979883933,144579.09164226288,553832.1063461304,5,"GRAPHITE.NS: 333, HSCL.NS: 628, GRAVITA.NS: 663, SAREGAMA.NS: 1229, ZENTEC.NS: 961"
2017-11-24,692161.6944961183,144237.92926784683,547923.7652282715,5,"GRAPHITE.NS: 333, HSCL.NS: 628, SAREGAMA.NS: 1229, ZENTEC.NS: 961, ACE.NS: 663"
2017-12-01,678819.4544825316,134184.86877391342,544634.5857086182,5,"GRAPHITE.NS: 333, HSCL.NS: 628, SAREGAMA.NS: 1229, ZENTEC.NS: 961, MINDACORP.NS: 510"
2017-12-08,691243.6578527981,135223.20104280056,556020.4568099976,5,"GRAPHITE.NS: 333, SAREGAMA.NS: 1229, ZENTEC.NS: 961, MINDACORP.NS: 510, HEG.NS: 298"
2017-12-15,717892.5200231696,123479.22201901923,594413.2980041504,5,"GRAPHITE.NS: 333, ZENTEC.NS: 961, MINDACORP.NS: 510, HEG.NS: 298, ACE.NS: 734"
2017-12-22,728806.0167485448,123633.148172495,605172.8685760498,5,"GRAPHITE.NS: 333, ZENTEC.NS: 961, MINDACORP.NS: 510, HEG.NS: 298, ACE.NS: 734"
2017-12-29,778345.7342480016,7040.602267105569,771305.131980896,6,"GOLDBEES.NS: 4444, GRAPHITE.NS: 333, ZENTEC.NS: 961, MINDACORP.NS: 510, HEG.NS: 298, ACE.NS: 734"
2018-01-05,823817.2606492247,994.1277585234084,822823.1328907013,6,"GOLDBEES.NS: 4673, GRAPHITE.NS: 333, ZENTEC.NS: 961, MINDACORP.NS: 510, HEG.NS: 298, ACE.NS: 734"
2018-01-12,859201.3845593745,995.3670136744444,858206.0175457001,6,"GOLDBEES.NS: 4673, GRAPHITE.NS: 333, ZENTEC.NS: 961, MINDACORP.NS: 510, HEG.NS: 298, ACE.NS: 734"
2018-01-19,800675.2067982428,107350.24968116211,693324.9571170807,6,"GOLDBEES.NS: 4457, MINDACORP.NS: 510, HEG.NS: 298, ACE.NS: 734, GPIL.NS: 928, SONATSOFTW.NS: 1236"
2018-01-26,854230.6397056343,101196.85115430372,753033.7885513306,6,"GOLDBEES.NS: 4687, MINDACORP.NS: 510, HEG.NS: 298, ACE.NS: 734, GPIL.NS: 928, SONATSOFTW.NS: 1236"
2018-02-02,772112.0928783843,116916.78634075617,655195.3065376282,6,"GOLDBEES.NS: 4234, LTTS.NS: 91, BIOCON.NS: 366, JUBLPHARMA.NS: 176, VBL.NS: 2779, ERIS.NS: 148"
2018-02-09,778646.671153388,114341.16834386344,664305.5028095245,6,"GOLDBEES.NS: 4335, LTTS.NS: 91, BIOCON.NS: 366, JUBLPHARMA.NS: 176, VBL.NS: 2779, ERIS.NS: 148"
2018-02-16,783663.5911615215,112324.65300348624,671338.9381580353,6,"GOLDBEES.NS: 4253, LTTS.NS: 91, BIOCON.NS: 366, JUBLPHARMA.NS: 176, VBL.NS: 2779, SONATSOFTW.NS: 1095"
2018-02-23,780849.3692983869,110483.38690702942,670365.9823913574,6,"GOLDBEES.NS: 4288, LTTS.NS: 91, BIOCON.NS: 366, VBL.NS: 2779, SONATSOFTW.NS: 1095, JINDALSTEL.NS: 418"
2018-03-02,767911.620663823,103685.84051054841,664225.7801532745,6,"GOLDBEES.NS: 4237, LTTS.NS: 91, BIOCON.NS: 366, SONATSOFTW.NS: 1095, HEG.NS: 228, ACE.NS: 595"
2018-03-09,733177.1054275695,103535.35301095882,629641.7524166107,6,"GOLDBEES.NS: 4035, BIOCON.NS: 366, SONATSOFTW.NS: 1095, IIFL.NS: 250, COFORGE.NS: 641, ZYDUSWELL.NS: 420"
2018-03-16,726835.9480408069,108494.12810977662,618341.8199310303,6,"GOLDBEES.NS: 4013, SONATSOFTW.NS: 1095, IIFL.NS: 250, COFORGE.NS: 641, ZYDUSWELL.NS: 420, HEG.NS: 190"
2018-03-23,708088.4384431929,96850.98467541633,611237.4537677765,6,"GOLDBEES.NS: 3859, COFORGE.NS: 641, HEG.NS: 190, BSOFT.NS: 823, JUBLFOOD.NS: 443, TECHM.NS: 210"
2018-03-30,706871.3572769302,98867.81407929845,608003.5431976318,6,"GOLDBEES.NS: 3861, HEG.NS: 190, BSOFT.NS: 823, JUBLFOOD.NS: 443, TECHM.NS: 210, FSL.NS: 2409"
2018-04-06,710389.8938715882,199995.42098264158,510394.47288894653,5,"BSOFT.NS: 823, JUBLFOOD.NS: 443, TECHM.NS: 210, FSL.NS: 2409, COFORGE.NS: 604"
2018-04-13,726411.7595643275,91287.76731579239,635123.9922485352,6,"GOLDBEES.NS: 3933, BSOFT.NS: 823, JUBLFOOD.NS: 443, TECHM.NS: 210, FSL.NS: 2409, COFORGE.NS: 604"
2018-04-20,749667.4464608635,89269.77917112953,660397.6672897339,6,"GOLDBEES.NS: 4009, BSOFT.NS: 823, JUBLFOOD.NS: 443, TECHM.NS: 210, FSL.NS: 2409, COFORGE.NS: 604"
2018-04-27,767166.3574849241,85488.45329486066,681677.9041900635,6,"GOLDBEES.NS: 4124, BSOFT.NS: 823, JUBLFOOD.NS: 443, FSL.NS: 2409, COFORGE.NS: 604, ZENSARTECH.NS: 478"
2018-05-04,765855.3432426438,91028.79883956756,674826.5444030762,6,"GOLDBEES.NS: 4139, BSOFT.NS: 823, JUBLFOOD.NS: 443, FSL.NS: 2409, ZENSARTECH.NS: 478, ASHOKLEY.NS: 1528"
2018-05-11,775671.0655779591,91395.77324626349,684275.2923316956,6,"GOLDBEES.NS: 4130, BSOFT.NS: 823, JUBLFOOD.NS: 443, FSL.NS: 2409, ZENSARTECH.NS: 478, ASHOKLEY.NS: 1528"
2018-05-18,767712.0622627926,80456.04342581751,687256.0188369751,6,"GOLDBEES.NS: 4156, BSOFT.NS: 823, JUBLFOOD.NS: 443, FSL.NS: 2409, ZENSARTECH.NS: 478, MPHASIS.NS: 116"
2018-05-25,785118.7637051821,78387.01903431417,706731.7446708679,6,"GOLDBEES.NS: 4234, BSOFT.NS: 823, JUBLFOOD.NS: 443, FSL.NS: 2409, ZENSARTECH.NS: 478, MPHASIS.NS: 116"
2018-06-01,784000.9858166764,195524.07702990278,588476.9087867737,5,"BSOFT.NS: 823, JUBLFOOD.NS: 443, FSL.NS: 2409, ZENSARTECH.NS: 478, MPHASIS.NS: 116"
2018-06-08,791414.5441249018,195767.81252318664,595646.7316017151,5,"BSOFT.NS: 823, JUBLFOOD.NS: 443, FSL.NS: 2409, ZENSARTECH.NS: 478, MPHASIS.NS: 116"
2018-06-15,803943.2410875767,196011.8518511265,607931.3892364502,5,"BSOFT.NS: 823, JUBLFOOD.NS: 443, FSL.NS: 2409, ZENSARTECH.NS: 478, MPHASIS.NS: 116"
2018-06-22,794650.3739925995,223724.97122160342,570925.4027709961,5,"BSOFT.NS: 823, JUBLFOOD.NS: 443, ZENSARTECH.NS: 478, MPHASIS.NS: 116, USHAMART.NS: 4046"
2018-06-29,786441.839354942,221088.0415949322,565353.7977600098,5,"BSOFT.NS: 823, JUBLFOOD.NS: 443, ZENSARTECH.NS: 478, MPHASIS.NS: 116, TATAELXSI.NS: 90"
2018-07-06,784077.8113846574,230765.84567115648,553311.965713501,5,"BSOFT.NS: 823, ZENSARTECH.NS: 478, MPHASIS.NS: 116, TATAELXSI.NS: 90, GRAPHITE.NS: 146"
2018-07-13,816657.9122509038,231053.5126842534,585604.3995666504,5,"BSOFT.NS: 823, ZENSARTECH.NS: 478, MPHASIS.NS: 116, TATAELXSI.NS: 90, GRAPHITE.NS: 146"
2018-07-20,812837.2519225609,222837.23774714587,590000.014175415,5,"BSOFT.NS: 823, MPHASIS.NS: 116, TATAELXSI.NS: 90, GRAPHITE.NS: 146, HEG.NS: 160"
2018-07-27,813937.2454133304,217898.8972459109,596038.3481674194,5,"BSOFT.NS: 823, TATAELXSI.NS: 90, GRAPHITE.NS: 146, HEG.NS: 160, ADANIENT.NS: 917"
2018-08-03,831805.6132016876,240364.7940259673,591440.8191757202,5,"TATAELXSI.NS: 90, GRAPHITE.NS: 146, HEG.NS: 160, ADANIENT.NS: 917, RHIM.NS: 515"
2018-08-10,832524.4031468681,240664.42685139694,591859.9762954712,5,"TATAELXSI.NS: 90, GRAPHITE.NS: 146, HEG.NS: 160, ADANIENT.NS: 917, RHIM.NS: 515"
2018-08-17,839175.2988422313,242450.42339972637,596724.8754425049,5,"GRAPHITE.NS: 146, HEG.NS: 160, ADANIENT.NS: 917, RHIM.NS: 515, ADANIPOWER.NS: 18798"
2018-08-24,823823.4889124816,239841.63002480913,583981.8588876724,5,"ADANIENT.NS: 917, RHIM.NS: 515, ADANIPOWER.NS: 18798, OLECTRA.NS: 441, BANDHANBNK.NS: 176"
2018-08-31,860377.9599193503,93532.08914222017,766845.8707771301,6,"GOLDBEES.NS: 4771, ADANIENT.NS: 917, RHIM.NS: 515, ADANIPOWER.NS: 18798, BANDHANBNK.NS: 176, GRANULES.NS: 1078"
2018-09-07,850410.1568642393,88614.82920844704,761795.3276557922,6,"GOLDBEES.NS: 4708, ADANIENT.NS: 917, RHIM.NS: 515, ADANIPOWER.NS: 18798, GRANULES.NS: 1078, ABFRL.NS: 608"
2018-09-14,824289.4228470025,94661.99434205862,729627.4285049438,6,"GOLDBEES.NS: 4548, ADANIENT.NS: 917, GRANULES.NS: 1078, ABFRL.NS: 608, OLECTRA.NS: 439, INTELLECT.NS: 425"
2018-09-21,770978.1008164536,116743.18519946442,654234.9156169891,6,"GOLDBEES.NS: 4221, DCMSHRIRAM.NS: 260, DIVISLAB.NS: 81, WELCORP.NS: 765, NAUKRI.NS: 361, WIPRO.NS: 938"
2018-09-28,719737.0712558648,104006.1769382379,615730.894317627,6,"GOLDBEES.NS: 3994, DCMSHRIRAM.NS: 260, DIVISLAB.NS: 81, WIPRO.NS: 938, LTTS.NS: 63, RELIANCE.NS: 180"
2018-10-05,678828.8100342656,89176.49540947929,589652.3146247864,6,"GOLDBEES.NS: 3652, DIVISLAB.NS: 81, WIPRO.NS: 938, AUROPHARMA.NS: 133, IDBI.NS: 1749, ABB.NS: 78"
2018-10-12,674090.6052149055,89833.67906744451,584256.9261474609,6,"GOLDBEES.NS: 3593, DIVISLAB.NS: 81, WIPRO.NS: 938, AUROPHARMA.NS: 133, ADANIPOWER.NS: 14497, BALRAMCHIN.NS: 1081"
2018-10-19,684282.4599124716,89945.66351669296,594336.7963957787,6,"GOLDBEES.NS: 3593, DIVISLAB.NS: 81, WIPRO.NS: 938, AUROPHARMA.NS: 133, ADANIPOWER.NS: 14497, BALRAMCHIN.NS: 1081"
2018-10-26,686573.647099814,85097.6574667307,601475.9896330833,6,"GOLDBEES.NS: 3613, DIVISLAB.NS: 81, WIPRO.NS: 938, ADANIPOWER.NS: 14497, BALRAMCHIN.NS: 1081, ADANIENT.NS: 583"
2018-11-02,759242.2503890317,73243.62224858219,685998.6281404495,6,"GOLDBEES.NS: 4037, DIVISLAB.NS: 81, WIPRO.NS: 938, ADANIPOWER.NS: 14497, BALRAMCHIN.NS: 1081, ADANIENT.NS: 583"
2018-11-09,759034.301729445,72550.63752961594,686483.6641998291,6,"GOLDBEES.NS: 4065, DIVISLAB.NS: 81, WIPRO.NS: 938, ADANIPOWER.NS: 14497, BALRAMCHIN.NS: 1081, ADANIENT.NS: 583"
2018-11-16,749080.702855117,184464.1390218803,564616.5638332367,5,"DIVISLAB.NS: 81, WIPRO.NS: 938, ADANIPOWER.NS: 14497, BALRAMCHIN.NS: 1081, ADANIENT.NS: 583"
2018-11-23,735858.7251512007,180637.13221182383,555221.5929393768,5,"DIVISLAB.NS: 81, ADANIPOWER.NS: 14497, BALRAMCHIN.NS: 1081, ADANIENT.NS: 583, LINDEINDIA.NS: 164"
2018-11-30,756073.0897687605,175042.9882768324,581030.1014919281,5,"DIVISLAB.NS: 81, ADANIPOWER.NS: 14497, ADANIENT.NS: 583, LINDEINDIA.NS: 164, JWL.NS: 5794"
2018-12-07,747863.2667962364,163291.9732877068,584571.2935085297,5,"DIVISLAB.NS: 81, ADANIPOWER.NS: 14497, LINDEINDIA.NS: 164, NEWGEN.NS: 687, INDIGO.NS: 103"
2018-12-14,748959.1401583148,163495.52903522982,585463.611123085,5,"DIVISLAB.NS: 81, ADANIPOWER.NS: 14497, LINDEINDIA.NS: 164, NEWGEN.NS: 687, INDIGO.NS: 103"
2018-12-21,748336.5089735852,214014.60852573978,534321.9004478455,5,"LINDEINDIA.NS: 164, NEWGEN.NS: 687, INDIGO.NS: 103, JWL.NS: 3858, BEML.NS: 296"
2018-12-28,758929.6184139241,90429.78114509475,668499.8372688293,6,"GOLDBEES.NS: 4044, LINDEINDIA.NS: 164, INDIGO.NS: 103, JWL.NS: 3858, BEML.NS: 296, PFC.NS: 2000"
2019-01-04,746402.587226146,93032.48368763285,653370.1035385132,6,"GOLDBEES.NS: 3956, LINDEINDIA.NS: 164, INDIGO.NS: 103, JWL.NS: 3858, BEML.NS: 296, PFC.NS: 2000"
2019-01-11,748558.7721945494,87274.85874621566,661283.9134483337,6,"GOLDBEES.NS: 3935, LINDEINDIA.NS: 164, BEML.NS: 296, PFC.NS: 2000, KAJARIACER.NS: 212, CREDITACC.NS: 255"
2019-01-18,719679.453406381,89147.63968567786,630531.8137207031,6,"GOLDBEES.NS: 3768, BEML.NS: 296, PFC.NS: 2000, KAJARIACER.NS: 212, CREDITACC.NS: 255, UNIONBANK.NS: 1261"
2019-01-25,692139.6087181353,90641.99446223014,601497.6142559052,6,"GOLDBEES.NS: 3621, BEML.NS: 296, KAJARIACER.NS: 212, CREDITACC.NS: 255, ITI.NS: 922, MUTHOOTFIN.NS: 207"
2019-02-01,685077.2978090127,82541.3495839913,602535.9482250214,6,"GOLDBEES.NS: 3487, KAJARIACER.NS: 212, CREDITACC.NS: 255, JUBLFOOD.NS: 359, GVT&D.NS: 326, IDFCFIRSTB.NS: 2148"
2019-02-08,667340.723743884,84379.20725676241,582961.5164871216,6,"GOLDBEES.NS: 3426, KAJARIACER.NS: 212, JUBLFOOD.NS: 359, GVT&D.NS: 326, IDFCFIRSTB.NS: 2148, NAUKRI.NS: 270"
2019-02-15,654469.2925541993,87583.48149234023,566885.8110618591,6,"GOLDBEES.NS: 3331, KAJARIACER.NS: 212, IDFCFIRSTB.NS: 2148, NAUKRI.NS: 270, AAVAS.NS: 102, BATAINDIA.NS: 78"
2019-02-22,670483.8349202566,87283.83598837184,583199.9989318848,6,"GOLDBEES.NS: 3408, IDFCFIRSTB.NS: 2148, AAVAS.NS: 102, BATAINDIA.NS: 78, YESBANK.NS: 428, MANAPPURAM.NS: 944"
2019-03-01,686524.9586578708,83525.41326106602,602999.5453968048,6,"GOLDBEES.NS: 3541, IDFCFIRSTB.NS: 2148, AAVAS.NS: 102, BATAINDIA.NS: 78, YESBANK.NS: 428, MANAPPURAM.NS: 944"
2019-03-08,708881.8305154985,184426.41227209027,524455.4182434082,5,"IDFCFIRSTB.NS: 2148, AAVAS.NS: 102, BATAINDIA.NS: 78, YESBANK.NS: 428, MANAPPURAM.NS: 944"
2019-03-15,717530.5914153478,184656.31369012807,532874.2777252197,5,"IDFCFIRSTB.NS: 2148, AAVAS.NS: 102, BATAINDIA.NS: 78, YESBANK.NS: 428, MANAPPURAM.NS: 944"
2019-03-22,723683.6373634983,184886.5016976048,538797.1356658936,5,"IDFCFIRSTB.NS: 2148, AAVAS.NS: 102, BATAINDIA.NS: 78, YESBANK.NS: 428, MANAPPURAM.NS: 944"
2019-03-29,738377.9592517727,193594.19884527862,544783.7604064941,5,"IDFCFIRSTB.NS: 2148, BATAINDIA.NS: 78, YESBANK.NS: 428, MANAPPURAM.NS: 944, J&KBANK.NS: 2019"
2019-04-05,739624.6526399755,206818.45599233144,532806.196647644,5,"BATAINDIA.NS: 78, YESBANK.NS: 428, MANAPPURAM.NS: 944, J&KBANK.NS: 2019, CREDITACC.NS: 190"
2019-04-12,750847.6947881231,204575.2631398687,546272.4316482544,5,"YESBANK.NS: 428, MANAPPURAM.NS: 944, J&KBANK.NS: 2019, CREDITACC.NS: 190, CGCL.NS: 598"
2019-04-19,735571.6887306989,204830.2816185773,530741.4071121216,5,"YESBANK.NS: 428, MANAPPURAM.NS: 944, J&KBANK.NS: 2019, CREDITACC.NS: 190, CGCL.NS: 598"
2019-04-26,716599.7512329064,204051.96487073516,512547.7863621712,5,"J&KBANK.NS: 2019, CREDITACC.NS: 190, CGCL.NS: 598, JPPOWER.NS: 34010, BANDHANBNK.NS: 172"
2019-05-03,724334.7390931037,204306.3310187247,520028.40807437897,5,"J&KBANK.NS: 2019, CREDITACC.NS: 190, CGCL.NS: 598, JPPOWER.NS: 34010, BANDHANBNK.NS: 172"
2019-05-10,703254.7764200411,200598.7266501627,502656.0497698784,5,"JPPOWER.NS: 34010, BANDHANBNK.NS: 172, AAVAS.NS: 70, DCMSHRIRAM.NS: 212, NAM-INDIA.NS: 616"
2019-05-17,698725.1733644429,83969.666269106,614755.5070953369,6,"GOLDBEES.NS: 3708, AAVAS.NS: 70, DCMSHRIRAM.NS: 212, NAM-INDIA.NS: 616, POONAWALLA.NS: 784, GRSE.NS: 1004"
2019-05-24,722217.6863241703,187860.15229707077,534357.5340270996,5,"AAVAS.NS: 70, DCMSHRIRAM.NS: 212, NAM-INDIA.NS: 616, POONAWALLA.NS: 784, GRSE.NS: 1004"
2019-05-31,707738.3015231497,97650.27861970729,610088.0229034424,6,"GOLDBEES.NS: 3740, AAVAS.NS: 70, DCMSHRIRAM.NS: 212, GRSE.NS: 1004, ATGL.NS: 604, KEI.NS: 192"
2019-06-07,698024.7530286135,105367.16967938562,592657.5833492279,6,"GOLDBEES.NS: 3622, GRSE.NS: 1004, ATGL.NS: 604, KEI.NS: 192, TTML.NS: 20844, CGCL.NS: 574"
2019-06-14,670817.8052431652,91634.77887979244,579183.0263633728,6,"GOLDBEES.NS: 3441, ATGL.NS: 604, INTELLECT.NS: 347, GODREJPROP.NS: 102, HDFCAMC.NS: 108, INDIGO.NS: 57"
2019-06-21,656765.8617200206,96249.56396001087,560516.2977600098,6,"GOLDBEES.NS: 3309, INTELLECT.NS: 347, GODREJPROP.NS: 102, HDFCAMC.NS: 108, TATACONSUM.NS: 367, AAVAS.NS: 63"
2019-06-28,676967.3786075113,101544.53245425201,575422.8461532593,6,"GOLDBEES.NS: 3387, INTELLECT.NS: 347, HDFCAMC.NS: 108, TATACONSUM.NS: 367, AAVAS.NS: 63, ATGL.NS: 560"
2019-07-05,669328.5171384403,103727.63771148409,565600.8794269562,6,"GOLDBEES.NS: 3319, INTELLECT.NS: 347, HDFCAMC.NS: 108, TATACONSUM.NS: 367, AAVAS.NS: 63, ATGL.NS: 560"
2019-07-12,671299.731578645,100721.11816006585,570578.6134185791,6,"GOLDBEES.NS: 3320, INTELLECT.NS: 347, HDFCAMC.NS: 108, TATACONSUM.NS: 367, AAVAS.NS: 63, ADANIGREEN.NS: 1896"
2019-07-19,674809.0541170149,95566.74471073429,579242.3094062805,6,"GOLDBEES.NS: 3246, INTELLECT.NS: 347, HDFCAMC.NS: 108, TATACONSUM.NS: 367, AAVAS.NS: 63, GRSE.NS: 850"
2019-07-26,656265.9718355204,83478.47706737762,572787.4947681427,6,"GOLDBEES.NS: 3208, HDFCAMC.NS: 108, TATACONSUM.NS: 367, AAVAS.NS: 63, GRSE.NS: 850, ADANIPOWER.NS: 7303"
2019-08-02,659916.7287362377,85073.58717568323,574843.1415605545,6,"GOLDBEES.NS: 3165, HDFCAMC.NS: 108, TATACONSUM.NS: 367, GRSE.NS: 850, ADANIPOWER.NS: 7303, RITES.NS: 1055"
2019-08-09,667651.3340662434,90826.71638950844,576824.6176767349,6,"GOLDBEES.NS: 3060, HDFCAMC.NS: 108, TATACONSUM.NS: 367, ADANIPOWER.NS: 7303, RITES.NS: 1055, HDFCLIFE.NS: 180"
2019-08-16,666658.0971217257,85121.0538554293,581537.0432662964,6,"GOLDBEES.NS: 3039, HDFCAMC.NS: 108, TATACONSUM.NS: 367, RITES.NS: 1055, HDFCLIFE.NS: 180, NH.NS: 393"
2019-08-23,649010.7478055954,80134.91728496553,568875.8305206299,6,"GOLDBEES.NS: 2942, HDFCAMC.NS: 108, TATACONSUM.NS: 367, HDFCLIFE.NS: 180, TRENT.NS: 192, APOLLOHOSP.NS: 64"
2019-08-30,684114.4894835263,79150.9562498837,604963.5332336426,6,"GOLDBEES.NS: 3036, HDFCAMC.NS: 108, HDFCLIFE.NS: 180, TRENT.NS: 192, APOLLOHOSP.NS: 64, ZYDUSWELL.NS: 295"
2019-09-06,681088.4008773122,77672.56319649557,603415.8376808167,6,"GOLDBEES.NS: 3047, HDFCAMC.NS: 108, HDFCLIFE.NS: 180, TRENT.NS: 192, ZYDUSWELL.NS: 295, NAM-INDIA.NS: 404"
2019-09-13,681177.6906078752,76543.69581112232,604633.9947967529,6,"GOLDBEES.NS: 3084, HDFCAMC.NS: 108, HDFCLIFE.NS: 180, TRENT.NS: 192, ZYDUSWELL.NS: 295, NAM-INDIA.NS: 404"
2019-09-20,687797.3363636711,61179.71820723795,626617.6181564331,6,"GOLDBEES.NS: 3143, HDFCAMC.NS: 108, HDFCLIFE.NS: 180, ZYDUSWELL.NS: 295, GRSE.NS: 724, BBTC.NS: 77"
2019-09-27,706367.3596227905,59109.37121947019,647257.9884033203,6,"GOLDBEES.NS: 3208, HDFCAMC.NS: 108, HDFCLIFE.NS: 180, ZYDUSWELL.NS: 295, GRSE.NS: 724, BBTC.NS: 77"
2019-10-04,683278.7234868078,49520.343321707696,633758.3801651001,6,"GOLDBEES.NS: 3046, HDFCAMC.NS: 108, HDFCLIFE.NS: 180, GRSE.NS: 724, INDIAMART.NS: 103, BPCL.NS: 578"
2019-10-11,691045.078251036,48471.133609922756,642573.9446411133,6,"GOLDBEES.NS: 3079, HDFCAMC.NS: 108, HDFCLIFE.NS: 180, GRSE.NS: 724, INDIAMART.NS: 103, BPCL.NS: 578"
2019-10-18,707203.8602620502,56402.48777212098,650801.3724899292,6,"GOLDBEES.NS: 3142, HDFCAMC.NS: 108, GRSE.NS: 724, BPCL.NS: 578, ADANIGREEN.NS: 1105, BERGEPAINT.NS: 245"
2019-10-25,720242.8516776294,56164.233353349664,664078.6183242798,6,"GOLDBEES.NS: 3151, HDFCAMC.NS: 108, GRSE.NS: 724, BPCL.NS: 578, ADANIGREEN.NS: 1105, BERGEPAINT.NS: 245"
2019-11-01,751253.3866552119,51277.650647521536,699975.7360076904,6,"GOLDBEES.NS: 3296, HDFCAMC.NS: 108, GRSE.NS: 724, BPCL.NS: 578, ADANIGREEN.NS: 1105, BERGEPAINT.NS: 245"
2019-11-08,744434.0704158904,161761.36544457698,582672.7049713135,5,"HDFCAMC.NS: 108, GRSE.NS: 724, BPCL.NS: 578, ADANIGREEN.NS: 1105, BERGEPAINT.NS: 245"
2019-11-15,768136.0748107333,151018.6697432894,617117.4050674438,5,"HDFCAMC.NS: 108, GRSE.NS: 724, BPCL.NS: 578, ADANIGREEN.NS: 1105, SCI.NS: 2006"
2019-11-22,796234.2880313499,33790.91509128644,762443.3729400635,6,"GOLDBEES.NS: 3543, HDFCAMC.NS: 108, GRSE.NS: 724, BPCL.NS: 578, ADANIGREEN.NS: 1105, AFFLE.NS: 329"
2019-11-29,803343.8081634692,172650.09295350825,630693.7152099609,5,"HDFCAMC.NS: 108, BPCL.NS: 578, ADANIGREEN.NS: 1105, AFFLE.NS: 329, TATACOMM.NS: 272"
2019-12-06,754123.2679215418,193033.6061020838,561089.661819458,5,"ADANIGREEN.NS: 1105, POLYCAB.NS: 107, JBMA.NS: 2238, ADANIENT.NS: 516, PFIZER.NS: 28"
2019-12-13,767279.6074199342,193274.2370357179,574005.3703842163,5,"ADANIGREEN.NS: 1105, POLYCAB.NS: 107, JBMA.NS: 2238, ADANIENT.NS: 516, PFIZER.NS: 28"
2019-12-20,779248.8849276752,188752.62664978215,590496.2582778931,5,"ADANIGREEN.NS: 1105, POLYCAB.NS: 107, JBMA.NS: 2238, ADANIENT.NS: 516, SCI.NS: 1896"
2019-12-27,798485.1721458874,69211.88926319696,729273.2828826904,6,"GOLDBEES.NS: 3507, ADANIGREEN.NS: 1105, POLYCAB.NS: 107, JBMA.NS: 2238, ADANIENT.NS: 516, SCI.NS: 1896"
2020-01-03,847731.1322957674,66288.86606804526,781442.2662277222,6,"GOLDBEES.NS: 3592, ADANIGREEN.NS: 1105, POLYCAB.NS: 107, JBMA.NS: 2238, ADANIENT.NS: 516, SCI.NS: 1896"
2020-01-10,872483.1662820445,25310.221854554315,847172.9444274902,6,"GOLDBEES.NS: 3744, ADANIGREEN.NS: 1105, POLYCAB.NS: 107, GPIL.NS: 2024, SAMMAANCAP.NS: 471, JINDALSTEL.NS: 701"
2020-01-17,837313.5857427532,121823.03079871486,715490.5549440384,6,"GOLDBEES.NS: 3593, POLYCAB.NS: 107, GPIL.NS: 2024, SAMMAANCAP.NS: 471, JINDALSTEL.NS: 701, PGEL.NS: 15375"
2020-01-24,836523.4428698862,105057.71697746155,731465.7258924246,6,"GOLDBEES.NS: 3544, GPIL.NS: 2024, SAMMAANCAP.NS: 471, JINDALSTEL.NS: 701, JPPOWER.NS: 61641, AUBANK.NS: 219"
2020-01-31,830944.2342112754,92031.27715451452,738912.9570567608,6,"GOLDBEES.NS: 3474, SAMMAANCAP.NS: 471, JINDALSTEL.NS: 701, JPPOWER.NS: 61641, AUBANK.NS: 219, DIXON.NS: 125"
2020-02-07,835362.7742825416,94099.91177186041,741262.8625106812,6,"GOLDBEES.NS: 3510, SAMMAANCAP.NS: 471, JINDALSTEL.NS: 701, AUBANK.NS: 219, DIXON.NS: 125, ADANIGREEN.NS: 549"
2020-02-14,828814.4142414327,93450.48607218216,735363.9281692505,6,"GOLDBEES.NS: 3467, SAMMAANCAP.NS: 471, JINDALSTEL.NS: 701, AUBANK.NS: 219, DIXON.NS: 125, IRCTC.NS: 392"
2020-02-21,868524.838273971,115587.16425129639,752937.6740226746,6,"GOLDBEES.NS: 3538, AUBANK.NS: 219, DIXON.NS: 125, IRCTC.NS: 392, GRAVITA.NS: 1907, AMBER.NS: 74"
2020-02-28,799386.3954056879,107238.3595437189,692148.035861969,6,"GOLDBEES.NS: 3209, AUBANK.NS: 219, NAVINFLUOR.NS: 79, TRENT.NS: 152, AJANTPHARM.NS: 129, POLYMED.NS: 380"
2020-03-06,807966.3093281479,103530.18079955292,704436.128528595,6,"GOLDBEES.NS: 3103, AUBANK.NS: 219, NAVINFLUOR.NS: 79, AJANTPHARM.NS: 129, POLYMED.NS: 380, DEEPAKNTR.NS: 223"
2020-03-13,732987.1966482984,111760.53761356937,621226.659034729,6,"GOLDBEES.NS: 3002, JBCHEPHARM.NS: 380, ALKEM.NS: 45, COROMANDEL.NS: 184, BAYERCROP.NS: 28, PIDILITIND.NS: 137"
2020-03-20,690460.7955285772,209335.36062257137,481125.43490600586,5,"INDIACEM.NS: 997, IPCALAB.NS: 143, ABBOTINDIA.NS: 7, ZYDUSLIFE.NS: 355, GOLDBEES.NS: 2677"
2020-03-27,676736.3542375384,92253.75425432308,584482.5999832153,6,"GOLDBEES.NS: 2659, INDIACEM.NS: 997, GOLDBEES.NS: 2677, HINDUNILVR.NS: 48, NESTLEIND.NS: 134, ZFCVINDIA.NS: 15"
2020-04-03,678997.7634114651,98663.18105978055,580334.5823516846,6,"GOLDBEES.NS: 2625, INDIACEM.NS: 997, GOLDBEES.NS: 2677, HINDUNILVR.NS: 48, ABBOTINDIA.NS: 6, IPCALAB.NS: 139"
2020-04-10,726702.6977740566,96868.85039246481,629833.8473815918,6,"GOLDBEES.NS: 2672, INDIACEM.NS: 997, GOLDBEES.NS: 2677, HINDUNILVR.NS: 48, ABBOTINDIA.NS: 6, IPCALAB.NS: 139"
2020-04-17,726455.2408676053,101533.44041441924,624921.800453186,6,"GOLDBEES.NS: 2565, INDIACEM.NS: 997, GOLDBEES.NS: 2677, HINDUNILVR.NS: 48, ABBOTINDIA.NS: 6, IPCALAB.NS: 139"
2020-04-24,724357.9032283961,102513.72409021249,621844.1791381836,6,"GOLDBEES.NS: 2545, INDIACEM.NS: 997, GOLDBEES.NS: 2677, HINDUNILVR.NS: 48, ABBOTINDIA.NS: 6, IPCALAB.NS: 139"
2020-05-01,730204.6824987934,94427.95677552669,635776.7257232666,6,"GOLDBEES.NS: 2573, INDIACEM.NS: 997, GOLDBEES.NS: 2677, ABBOTINDIA.NS: 6, IPCALAB.NS: 139, PATANJALI.NS: 760"
2020-05-08,742582.4441194583,89979.11191273229,652603.3322067261,6,"GOLDBEES.NS: 2683, INDIACEM.NS: 997, GOLDBEES.NS: 2677, ABBOTINDIA.NS: 6, IPCALAB.NS: 139, PATANJALI.NS: 760"
2020-05-15,798478.0886799667,82482.91703384853,715995.1716461182,6,"GOLDBEES.NS: 2865, INDIACEM.NS: 997, GOLDBEES.NS: 2677, ABBOTINDIA.NS: 6, IPCALAB.NS: 139, PATANJALI.NS: 760"
2020-05-22,784570.5884913421,97492.14397229918,687078.444519043,6,"GOLDBEES.NS: 2825, INDIACEM.NS: 997, GOLDBEES.NS: 2677, IPCALAB.NS: 139, CIPLA.NS: 178, IDEA.NS: 19972"
2020-05-29,790435.9899684578,86579.17994801103,703856.8100204468,6,"GOLDBEES.NS: 2892, INDIACEM.NS: 997, GOLDBEES.NS: 2677, CIPLA.NS: 178, IDEA.NS: 19972, AUROPHARMA.NS: 153"
2020-06-05,875615.1225214202,62277.4878778655,813337.6346435547,6,"GOLDBEES.NS: 3188, INDIACEM.NS: 997, CIPLA.NS: 178, IDEA.NS: 19972, AUROPHARMA.NS: 153, PATANJALI.NS: 515"
2020-06-12,906042.8715753154,135581.49899001874,770461.3725852966,6,"GOLDBEES.NS: 3251, INDIACEM.NS: 997, CIPLA.NS: 178, AUROPHARMA.NS: 153, PATANJALI.NS: 515, ADANIGREEN.NS: 377"
2020-06-19,982287.6088653256,86234.39282829055,896053.216037035,6,"GOLDBEES.NS: 3530, AUROPHARMA.NS: 153, PATANJALI.NS: 515, ADANIGREEN.NS: 377, TATACOMM.NS: 251, JPPOWER.NS: 85954"
2020-06-26,1051829.5269513342,80588.57438637945,971240.9525649548,6,"GOLDBEES.NS: 3727, AUROPHARMA.NS: 153, PATANJALI.NS: 515, TATACOMM.NS: 251, JPPOWER.NS: 85954, RPOWER.NS: 37759"
2020-07-03,1051820.3345698845,129882.91784663303,921937.4167232513,6,"GOLDBEES.NS: 3738, AUROPHARMA.NS: 153, TATACOMM.NS: 251, JPPOWER.NS: 85954, RPOWER.NS: 37759, SUZLON.NS: 27651"
2020-07-10,1010526.9091348434,135528.51925752405,874998.3898773193,6,"GOLDBEES.NS: 3508, AUROPHARMA.NS: 153, TATACOMM.NS: 251, JPPOWER.NS: 85954, SAMMAANCAP.NS: 715, JUBLPHARMA.NS: 277"
2020-07-17,988571.9506266104,139492.5872156607,849079.3634109497,6,"GOLDBEES.NS: 3458, TATACOMM.NS: 251, SAMMAANCAP.NS: 715, JUBLPHARMA.NS: 277, JINDALSTEL.NS: 794, EIDPARRY.NS: 497"
2020-07-24,989988.9013053821,147169.48676223028,842819.4145431519,6,"GOLDBEES.NS: 3306, JUBLPHARMA.NS: 277, JINDALSTEL.NS: 794, EIDPARRY.NS: 497, BLS.NS: 7153, JPPOWER.NS: 69303"
2020-07-31,1031637.520376578,139966.46272625023,891671.0576503277,6,"GOLDBEES.NS: 3282, JUBLPHARMA.NS: 277, JINDALSTEL.NS: 794, EIDPARRY.NS: 497, JPPOWER.NS: 69303, INTELLECT.NS: 918"
2020-08-07,1116946.4946917822,133994.07707136165,982952.4176204205,6,"GOLDBEES.NS: 3407, JUBLPHARMA.NS: 277, JINDALSTEL.NS: 794, EIDPARRY.NS: 497, JPPOWER.NS: 69303, INTELLECT.NS: 918"
2020-08-14,1132587.062859642,124137.07721697047,1008449.9856426716,6,"GOLDBEES.NS: 3667, JINDALSTEL.NS: 794, EIDPARRY.NS: 497, JPPOWER.NS: 69303, INTELLECT.NS: 918, BLS.NS: 5706"
2020-08-21,1138239.098265496,112814.75532182763,1025424.3429436684,6,"GOLDBEES.NS: 3734, JPPOWER.NS: 69303, INTELLECT.NS: 918, BLS.NS: 5706, CGPOWER.NS: 9574, POONAWALLA.NS: 4501"
2020-08-28,1180970.2695522427,107945.23570824851,1073025.0338439941,6,"GOLDBEES.NS: 3928, INTELLECT.NS: 918, CGPOWER.NS: 9574, POONAWALLA.NS: 4501, LAURUSLABS.NS: 724, NEULANDLAB.NS: 174"
2020-09-04,1176154.1924292794,272270.27709267056,903883.9153366089,5,"INTELLECT.NS: 918, CGPOWER.NS: 9574, LAURUSLABS.NS: 724, NEULANDLAB.NS: 174, BSOFT.NS: 1049"
2020-09-11,1179943.2085800364,272609.6825065806,907333.5260734558,5,"INTELLECT.NS: 918, CGPOWER.NS: 9574, LAURUSLABS.NS: 724, NEULANDLAB.NS: 174, BSOFT.NS: 1049"
2020-09-18,1314091.7309512815,272949.5110149107,1041142.2199363708,5,"INTELLECT.NS: 918, CGPOWER.NS: 9574, LAURUSLABS.NS: 724, NEULANDLAB.NS: 174, BSOFT.NS: 1049"
2020-09-25,1223984.806804327,339410.28516736417,884574.5216369629,5,"INTELLECT.NS: 918, BSOFT.NS: 1049, INDIAMART.NS: 67, FSL.NS: 2715, PERSISTENT.NS: 293"
2020-10-02,1257414.0477119875,339833.3856598331,917580.6620521545,5,"INTELLECT.NS: 918, BSOFT.NS: 1049, INDIAMART.NS: 67, FSL.NS: 2715, PERSISTENT.NS: 293"
2020-10-09,1261972.3680749454,340257.01357894327,921715.3544960022,5,"INTELLECT.NS: 918, BSOFT.NS: 1049, INDIAMART.NS: 67, FSL.NS: 2715, PERSISTENT.NS: 293"
2020-10-16,1250580.2114179567,340681.16958217183,909899.0418357849,5,"INTELLECT.NS: 918, BSOFT.NS: 1049, INDIAMART.NS: 67, FSL.NS: 2715, PERSISTENT.NS: 293"
2020-10-23,1251647.4538305346,328710.1262262408,922937.3276042938,5,"INTELLECT.NS: 918, BSOFT.NS: 1049, INDIAMART.NS: 67, CGPOWER.NS: 6836, PGEL.NS: 16591"
2020-10-30,1263871.3367232473,366316.8326872976,897554.5040359497,5,"INDIAMART.NS: 67, CGPOWER.NS: 6836, PGEL.NS: 16591, ADANIGREEN.NS: 206, TTML.NS: 23752"
2020-11-06,1269360.0764080302,168986.71549952187,1100373.3609085083,6,"GOLDBEES.NS: 4174, INDIAMART.NS: 67, CGPOWER.NS: 6836, PGEL.NS: 16591, ADANIGREEN.NS: 206, BLUEDART.NS: 48"
2020-11-13,1388718.9256692808,354254.023293106,1034464.9023761749,5,"INDIAMART.NS: 67, CGPOWER.NS: 6836, PGEL.NS: 16591, ADANIGREEN.NS: 206, BLUEDART.NS: 48"
2020-11-20,1383731.0077437758,380635.1085237861,1003095.8992199898,5,"ADANIGREEN.NS: 206, BLUEDART.NS: 48, TTML.NS: 25491, ATGL.NS: 561, TEJASNET.NS: 1877"
2020-11-27,1376119.1102858842,374503.0105067551,1001616.099779129,5,"ADANIGREEN.NS: 206, BLUEDART.NS: 48, ATGL.NS: 561, TEJASNET.NS: 1877, PGEL.NS: 13338"
2020-12-04,1428834.966757004,358897.69113558973,1069937.2756214142,5,"ADANIGREEN.NS: 206, ATGL.NS: 561, TEJASNET.NS: 1877, PGEL.NS: 13338, CGPOWER.NS: 4050"
2020-12-11,1430606.1726043192,351671.5447499718,1078934.6278543472,5,"ATGL.NS: 561, TEJASNET.NS: 1877, PGEL.NS: 13338, TTML.NS: 25036, TARIL.NS: 19313"
2020-12-18,1417188.527488276,352109.92982630397,1065078.597661972,5,"ATGL.NS: 561, TEJASNET.NS: 1877, PGEL.NS: 13338, TTML.NS: 25036, TARIL.NS: 19313"
2020-12-25,1396007.5054705548,400186.59934548626,995820.9061250687,5,"ATGL.NS: 561, PGEL.NS: 13338, TTML.NS: 25036, TARIL.NS: 19313, ACE.NS: 1456"
2021-01-01,1390364.593066438,387577.3968422255,1002787.1962242126,5,"ATGL.NS: 561, TTML.NS: 25036, ACE.NS: 1456, SUZLON.NS: 31641, SAIL.NS: 3077"
2021-01-08,1447299.1343410441,170948.8331993053,1276350.301141739,6,"GOLDBEES.NS: 4953, ATGL.NS: 561, TTML.NS: 25036, ACE.NS: 1456, SUZLON.NS: 31641, SAIL.NS: 3077"
2021-01-15,1434084.1038989876,348543.648134217,1085540.4557647705,5,"ATGL.NS: 561, TTML.NS: 25036, OLECTRA.NS: 1461, J&KBANK.NS: 7260, HFCL.NS: 6356"
2021-01-22,1488672.5213541528,348978.1340517542,1139694.3873023987,5,"ATGL.NS: 561, TTML.NS: 25036, OLECTRA.NS: 1461, J&KBANK.NS: 7260, HFCL.NS: 6356"
2021-01-29,1564793.2212356024,282777.452329009,1282015.7689065933,5,"ATGL.NS: 561, TTML.NS: 25036, OLECTRA.NS: 1461, ANANTRAJ.NS: 5394, TRIDENT.NS: 16307"
2021-02-05,1731898.1550005847,225276.81793393416,1506621.3370666504,5,"TTML.NS: 25036, OLECTRA.NS: 1461, ANANTRAJ.NS: 5394, NCC.NS: 3134, IIFL.NS: 1259"
2021-02-12,1692457.2188403376,423363.3774096735,1269093.841430664,5,"OLECTRA.NS: 1461, ANANTRAJ.NS: 5394, IIFL.NS: 1259, GRAPHITE.NS: 622, POONAWALLA.NS: 2440"
2021-02-19,1750575.7754079266,428893.1849461957,1321682.590461731,5,"OLECTRA.NS: 1461, GRAPHITE.NS: 622, POONAWALLA.NS: 2440, HINDCOPPER.NS: 2934, INDIANB.NS: 1971"
2021-02-26,1913456.7510263561,429427.83261510124,1484028.9184112549,5,"OLECTRA.NS: 1461, GRAPHITE.NS: 622, POONAWALLA.NS: 2440, HINDCOPPER.NS: 2934, INDIANB.NS: 1971"
2021-03-05,1919377.033519739,401183.3101310671,1518193.7233886719,5,"OLECTRA.NS: 1461, GRAPHITE.NS: 622, POONAWALLA.NS: 2440, HINDCOPPER.NS: 2934, IIFL.NS: 949"
2021-03-12,2017419.3480099626,500003.8718136734,1517415.476196289,5,"OLECTRA.NS: 1461, GRAPHITE.NS: 622, POONAWALLA.NS: 2440, IIFL.NS: 949, PGEL.NS: 6244"
2021-03-19,1897913.7159299932,492632.28957272397,1405281.4263572693,5,"OLECTRA.NS: 1461, GRAPHITE.NS: 622, IIFL.NS: 949, INTELLECT.NS: 401, ANANTRAJ.NS: 4935"
2021-03-26,1847285.051877389,488461.38053263194,1358823.671344757,5,"OLECTRA.NS: 1461, GRAPHITE.NS: 622, INTELLECT.NS: 401, ANANTRAJ.NS: 4935, ATGL.NS: 286"
2021-04-02,1990397.0724168473,489070.2844453507,1501326.7879714966,5,"OLECTRA.NS: 1461, GRAPHITE.NS: 622, INTELLECT.NS: 401, ANANTRAJ.NS: 4935, ATGL.NS: 286"
2021-04-09,2043777.8305724456,158079.02027352597,1885698.8102989197,6,"GOLDBEES.NS: 7579, OLECTRA.NS: 1461, GRAPHITE.NS: 622, INTELLECT.NS: 401, ATGL.NS: 286, ADANIENT.NS: 238"
2021-04-16,1985251.4238324882,175275.39326913375,1809976.0305633545,6,"GOLDBEES.NS: 7293, GRAPHITE.NS: 622, INTELLECT.NS: 401, ATGL.NS: 286, ADANIENT.NS: 238, HINDCOPPER.NS: 1920"
2021-04-23,1993270.886008565,159007.10258037288,1834263.7834281921,6,"GOLDBEES.NS: 7201, GRAPHITE.NS: 622, INTELLECT.NS: 401, ATGL.NS: 286, ADANIENT.NS: 238, LINDEINDIA.NS: 151"
2021-04-30,2013590.6266015316,149462.74271710176,1864127.88388443,6,"GOLDBEES.NS: 7441, GRAPHITE.NS: 622, INTELLECT.NS: 401, ATGL.NS: 286, ADANIENT.NS: 238, LINDEINDIA.NS: 151"
2021-05-07,2152538.910235974,133646.33852347996,2018892.571712494,6,"GOLDBEES.NS: 7829, GRAPHITE.NS: 622, INTELLECT.NS: 401, ATGL.NS: 286, ADANIENT.NS: 238, LINDEINDIA.NS: 151"
2021-05-14,2033882.9380519208,180034.15778134437,1853848.7802705765,6,"GOLDBEES.NS: 7353, GRAPHITE.NS: 622, ADANIENT.NS: 238, HINDCOPPER.NS: 1713, RPOWER.NS: 41877, ANGELONE.NS: 4765"
2021-05-21,2128590.9377652262,155550.00147019362,1973040.9362950325,6,"GOLDBEES.NS: 7571, GRAPHITE.NS: 622, ADANIENT.NS: 238, RPOWER.NS: 41877, ANGELONE.NS: 4765, ATGL.NS: 222"
2021-05-28,2172657.0655902163,149494.72122986475,2023162.3443603516,6,"GOLDBEES.NS: 7719, GRAPHITE.NS: 622, ADANIENT.NS: 238, RPOWER.NS: 41877, ANGELONE.NS: 4765, ATGL.NS: 222"
2021-06-04,2439756.240897567,108862.71727028587,2330893.523627281,6,"GOLDBEES.NS: 8688, GRAPHITE.NS: 622, ADANIENT.NS: 238, RPOWER.NS: 41877, ANGELONE.NS: 4765, ATGL.NS: 222"
2021-06-11,2540976.068908735,162498.64051441732,2378477.4283943176,6,"GOLDBEES.NS: 8941, ADANIENT.NS: 238, RPOWER.NS: 41877, ANGELONE.NS: 4765, ATGL.NS: 222, GPIL.NS: 1155"
2021-06-18,2545598.7570995614,456213.402624063,2089385.3544754982,5,"RPOWER.NS: 41877, JPPOWER.NS: 60927, ELECON.NS: 5208, TTML.NS: 11743, JUBLINGREA.NS: 673"
2021-06-25,2583287.609164427,701679.0182601914,1881608.5909042358,5,"ELECON.NS: 5208, TTML.NS: 11743, JUBLINGREA.NS: 673, HFCL.NS: 5645, JWL.NS: 11751"
2021-07-02,2815174.761263891,702553.7140226802,2112621.047241211,5,"ELECON.NS: 5208, TTML.NS: 11743, JUBLINGREA.NS: 673, HFCL.NS: 5645, JWL.NS: 11751"
2021-07-09,2906469.3223661,841949.2859242971,2064520.036441803,5,"ELECON.NS: 5208, JUBLINGREA.NS: 673, HFCL.NS: 5645, JWL.NS: 11751, ANGELONE.NS: 4648"
2021-07-16,2990811.244406411,424191.6733424155,2566619.5710639954,6,"GOLDBEES.NS: 10720, ELECON.NS: 5208, JUBLINGREA.NS: 673, JWL.NS: 11751, ANGELONE.NS: 4648, NEWGEN.NS: 1238"
2021-07-23,2932219.446754339,743234.218177679,2188985.22857666,5,"JUBLINGREA.NS: 673, ANGELONE.NS: 4648, JSWENERGY.NS: 1758, FSL.NS: 2066, FLUOROCHEM.NS: 260"
2021-07-30,2871985.6160587464,354354.2465671694,2517631.369491577,6,"GOLDBEES.NS: 10277, JSWENERGY.NS: 1758, FLUOROCHEM.NS: 260, BSE.NS: 3086, GRAVITA.NS: 2218, REDINGTON.NS: 2826"
2021-08-06,2880096.516927829,779193.6239834933,2100902.892944336,5,"JSWENERGY.NS: 1758, FLUOROCHEM.NS: 260, BSE.NS: 3086, GRAVITA.NS: 2218, REDINGTON.NS: 2826"
2021-08-13,2843646.0567804817,755197.7959162237,2088448.2608642578,5,"JSWENERGY.NS: 1758, FLUOROCHEM.NS: 260, GRAVITA.NS: 2218, REDINGTON.NS: 2826, TEJASNET.NS: 957"
2021-08-20,2731756.2494623596,745250.4913752014,1986505.7580871582,5,"JSWENERGY.NS: 1758, FLUOROCHEM.NS: 260, REDINGTON.NS: 2826, ECLERX.NS: 509, TITAGARH.NS: 4149"
2021-08-27,2775905.399409693,732607.06250326,2043298.336906433,5,"JSWENERGY.NS: 1758, FLUOROCHEM.NS: 260, ECLERX.NS: 509, TITAGARH.NS: 4149, GRAVITA.NS: 2060"
2021-09-03,2771167.5721534593,733520.3124030929,2037647.2597503662,5,"JSWENERGY.NS: 1758, FLUOROCHEM.NS: 260, ECLERX.NS: 509, TITAGARH.NS: 4149, GRAVITA.NS: 2060"
2021-09-10,2800795.02251675,748020.7271447405,2052774.2953720093,5,"JSWENERGY.NS: 1758, TITAGARH.NS: 4149, GRAVITA.NS: 2060, TEJASNET.NS: 875, ZENTEC.NS: 1917"
2021-09-17,2835417.8877309198,722607.7020314566,2112810.185699463,5,"JSWENERGY.NS: 1758, TITAGARH.NS: 4149, GRAVITA.NS: 2060, TEJASNET.NS: 875, BLS.NS: 5321"
2021-09-24,2788465.4026729967,630146.4381344228,2158318.964538574,5,"JSWENERGY.NS: 1758, GRAVITA.NS: 2060, TEJASNET.NS: 875, ZENTEC.NS: 1910, OLECTRA.NS: 934"
2021-10-01,2957192.0253704954,615514.9241436888,2341677.1012268066,5,"JSWENERGY.NS: 1758, TEJASNET.NS: 875, ZENTEC.NS: 1910, OLECTRA.NS: 934, IRCTC.NS: 570"
2021-10-08,3096317.761384718,616282.209871046,2480035.551513672,5,"JSWENERGY.NS: 1758, TEJASNET.NS: 875, ZENTEC.NS: 1910, OLECTRA.NS: 934, IRCTC.NS: 570"
2021-10-15,3299382.3483920116,122124.07893324073,3177258.2694587708,6,"GOLDBEES.NS: 11919, JSWENERGY.NS: 1758, TEJASNET.NS: 875, ZENTEC.NS: 1910, OLECTRA.NS: 934, IRCTC.NS: 570"
2021-10-22,3080496.555786036,178918.96057882142,2901577.5952072144,6,"GOLDBEES.NS: 11191, JSWENERGY.NS: 1758, ZENTEC.NS: 1910, OLECTRA.NS: 934, TRIDENT.NS: 11233, CGPOWER.NS: 3035"
2021-10-29,3011849.7327690073,347825.40966414876,2664024.3231048584,6,"GOLDBEES.NS: 10886, OLECTRA.NS: 934, TRIDENT.NS: 11233, CGPOWER.NS: 3035, ATGL.NS: 293, TRITURBINE.NS: 2269"
2021-11-05,3163968.0953367455,323936.88791639655,2840031.207420349,6,"GOLDBEES.NS: 11474, OLECTRA.NS: 934, TRIDENT.NS: 11233, CGPOWER.NS: 3035, ATGL.NS: 293, TRITURBINE.NS: 2269"
2021-11-12,3370723.1579764215,305830.64850071335,3064892.509475708,6,"GOLDBEES.NS: 11910, OLECTRA.NS: 934, TRIDENT.NS: 11233, CGPOWER.NS: 3035, ATGL.NS: 293, TRITURBINE.NS: 2269"
2021-11-19,3425660.2989786305,219024.0540712512,3206636.244907379,6,"GOLDBEES.NS: 12059, OLECTRA.NS: 934, TRIDENT.NS: 11233, CGPOWER.NS: 3035, ATGL.NS: 293, TTML.NS: 5991"
2021-11-26,3673309.082356132,139291.34251467098,3534017.739841461,6,"GOLDBEES.NS: 13191, OLECTRA.NS: 934, TRIDENT.NS: 11233, CGPOWER.NS: 3035, TTML.NS: 5991, JBMA.NS: 2850"
2021-12-03,3766694.3872850947,631021.3839767983,3135673.003308296,5,"OLECTRA.NS: 934, CGPOWER.NS: 3035, TTML.NS: 5991, JBMA.NS: 2850, IDEA.NS: 36495"
2021-12-10,3965404.2144853943,800141.1455976838,3165263.0688877106,5,"CGPOWER.NS: 3035, TTML.NS: 5991, JBMA.NS: 2850, IDEA.NS: 36495, TRIDENT.NS: 10620"
2021-12-17,4119824.4520977745,119725.3023785362,4000099.1497192383,6,"GOLDBEES.NS: 14665, CGPOWER.NS: 3035, TTML.NS: 5991, JBMA.NS: 2850, TRIDENT.NS: 10620, OLECTRA.NS: 666"
2021-12-24,3897418.6997951,554353.7835200756,3343064.9162750244,6,"GOLDBEES.NS: 14017, CGPOWER.NS: 3035, JBMA.NS: 2850, TRIDENT.NS: 10620, PGEL.NS: 7789, UNOMINDA.NS: 930"
2021-12-31,4087132.0912220646,1136411.8383457826,2950720.2528762817,5,"CGPOWER.NS: 3035, JBMA.NS: 2850, TRIDENT.NS: 10620, PGEL.NS: 7789, UNOMINDA.NS: 930"
2022-01-07,4300649.019046349,1137828.4613223507,3162820.557723999,5,"CGPOWER.NS: 3035, JBMA.NS: 2850, TRIDENT.NS: 10620, PGEL.NS: 7789, UNOMINDA.NS: 930"
2022-01-14,4389979.065317129,1087784.7530841576,3302194.312232971,5,"JBMA.NS: 2850, TRIDENT.NS: 10620, PGEL.NS: 7789, UNOMINDA.NS: 930, KPITTECH.NS: 919"
2022-01-21,4364542.421374455,304690.0679484757,4059852.3534259796,6,"GOLDBEES.NS: 15648, JBMA.NS: 2850, TRIDENT.NS: 10620, KPITTECH.NS: 919, JPPOWER.NS: 63653, ELGIEQUIP.NS: 1673"
2022-01-28,4078989.2377939518,953110.5025034243,3125878.7352905273,5,"JBMA.NS: 2850, ADANIGREEN.NS: 294, GMDCLTD.NS: 5340, POONAWALLA.NS: 2090, GRAVITA.NS: 1770"
2022-02-04,4208853.530041337,322913.91755354416,3885939.612487793,6,"GOLDBEES.NS: 15176, JBMA.NS: 2850, ADANIGREEN.NS: 294, GMDCLTD.NS: 5340, POONAWALLA.NS: 2090, GRAVITA.NS: 1770"
2022-02-11,4150585.2331700763,511937.6827130753,3638647.5504570007,6,"GOLDBEES.NS: 14757, ADANIGREEN.NS: 294, GMDCLTD.NS: 5340, GRAVITA.NS: 1770, ELGIEQUIP.NS: 1494, BSE.NS: 2410"
2022-02-18,4204422.2745920345,519138.5553156066,3685283.719276428,6,"GOLDBEES.NS: 14605, ADANIGREEN.NS: 294, GMDCLTD.NS: 5340, GRAVITA.NS: 1770, ELGIEQUIP.NS: 1494, BSE.NS: 2410"
2022-02-25,3938911.8431258053,445913.28120182455,3492998.5619239807,6,"GOLDBEES.NS: 13545, ADANIGREEN.NS: 294, GMDCLTD.NS: 5340, GRAVITA.NS: 1770, RHIM.NS: 1094, CREDITACC.NS: 780"
2022-03-04,4081000.685845577,395442.20246239845,3685558.4833831787,6,"GOLDBEES.NS: 13710, ADANIGREEN.NS: 294, GMDCLTD.NS: 5340, GRAVITA.NS: 1770, RHIM.NS: 1094, DEEPAKFERT.NS: 995"
2022-03-11,4070753.312466928,368889.5721410002,3701863.7403259277,6,"GOLDBEES.NS: 13485, ADANIGREEN.NS: 294, GMDCLTD.NS: 5340, GRAVITA.NS: 1770, RHIM.NS: 1094, BALRAMCHIN.NS: 1201"
2022-03-18,4114698.5447363,348603.47661343653,3766095.068122864,6,"GOLDBEES.NS: 13954, ADANIGREEN.NS: 294, GMDCLTD.NS: 5340, GRAVITA.NS: 1770, RHIM.NS: 1094, BALRAMCHIN.NS: 1201"
2022-03-25,4278221.553861871,352132.418180719,3926089.1356811523,6,"GOLDBEES.NS: 14328, ADANIGREEN.NS: 294, GMDCLTD.NS: 5340, RHIM.NS: 1094, BALRAMCHIN.NS: 1201, GPIL.NS: 1567"
2022-04-01,4297703.312804403,309193.7361251733,3988509.5766792297,6,"GOLDBEES.NS: 14464, ADANIGREEN.NS: 294, GMDCLTD.NS: 5340, RHIM.NS: 1094, GPIL.NS: 1567, ADANIPOWER.NS: 14787"
2022-04-08,4666269.099363383,255624.49466901636,4410644.604694366,6,"GOLDBEES.NS: 15672, ADANIGREEN.NS: 294, GMDCLTD.NS: 5340, RHIM.NS: 1094, GPIL.NS: 1567, ADANIPOWER.NS: 14787"
2022-04-15,4895409.564693946,238335.33943225766,4657074.225261688,6,"GOLDBEES.NS: 16057, ADANIGREEN.NS: 294, GMDCLTD.NS: 5340, RHIM.NS: 1094, GPIL.NS: 1567, ADANIPOWER.NS: 14787"
2022-04-22,4942844.988992487,225077.416475092,4717767.572517395,6,"GOLDBEES.NS: 16356, ADANIGREEN.NS: 294, GMDCLTD.NS: 5340, RHIM.NS: 1094, GPIL.NS: 1567, ADANIPOWER.NS: 14787"
2022-04-29,4822909.295715028,418465.77095764317,4404443.524757385,6,"GOLDBEES.NS: 16152, ADANIGREEN.NS: 294, RHIM.NS: 1094, ADANIPOWER.NS: 14787, CHENNPETRO.NS: 2771, SWANCORP.NS: 2097"
2022-05-06,4775354.9442589,1071200.5046493728,3704154.4396095276,5,"ADANIGREEN.NS: 294, ADANIPOWER.NS: 14787, CHENNPETRO.NS: 2771, SWANCORP.NS: 2097, MRPL.NS: 8906"
2022-05-13,4261453.245654331,1280766.750781284,2980686.494873047,5,"SPLPETRO.NS: 1381, SOLARINDS.NS: 215, GESHIP.NS: 1834, POWERGRID.NS: 4023, VBL.NS: 4144"
2022-05-20,4336580.041065918,1249526.7876403201,3087053.253425598,5,"SPLPETRO.NS: 1381, SOLARINDS.NS: 215, GESHIP.NS: 1834, CHENNPETRO.NS: 2029, ADANIPOWER.NS: 9722"
2022-05-27,4068399.732172367,1072641.6283210486,2995758.1038513184,5,"GESHIP.NS: 1834, ADANIPOWER.NS: 9722, BLS.NS: 6095, ATGL.NS: 232, JWL.NS: 9782"
2022-06-03,3936196.444852557,1078353.5181710387,2857842.9266815186,5,"GESHIP.NS: 1834, BLS.NS: 6095, JWL.NS: 9782, MRPL.NS: 6630, BDL.NS: 1419"
2022-06-10,4197574.770303805,1122980.3395176725,3074594.430786133,5,"BLS.NS: 6095, JWL.NS: 9782, MRPL.NS: 6630, BDL.NS: 1419, CHENNPETRO.NS: 1859"
2022-06-17,3955866.877175689,1104880.4917920833,2850986.385383606,5,"BLS.NS: 6095, BDL.NS: 1419, ELECON.NS: 4313, APARINDS.NS: 626, HAL.NS: 614"
2022-06-24,3877797.163270008,1068105.4441385383,2809691.7191314697,5,"BLS.NS: 6095, ELECON.NS: 4313, APARINDS.NS: 626, HAL.NS: 614, M&M.NS: 524"
2022-07-01,3864363.105949876,489726.8248600934,3374636.2810897827,6,"GOLDBEES.NS: 13067, BLS.NS: 6095, ELECON.NS: 4313, APARINDS.NS: 626, HAL.NS: 614, M&M.NS: 524"
2022-07-08,4008988.226623551,1007247.8524780432,3001740.374145508,5,"BLS.NS: 6095, ELECON.NS: 4313, APARINDS.NS: 626, M&M.NS: 524, AIAENG.NS: 248"
2022-07-15,4112980.594177609,1008503.4628146939,3104477.131362915,5,"BLS.NS: 6095, ELECON.NS: 4313, APARINDS.NS: 626, M&M.NS: 524, AIAENG.NS: 248"
2022-07-22,4264567.701863681,1009760.63836423,3254807.0634994507,5,"BLS.NS: 6095, ELECON.NS: 4313, APARINDS.NS: 626, M&M.NS: 524, AIAENG.NS: 248"
2022-07-29,4366483.015417626,356001.96547179506,4010481.0499458313,6,"GOLDBEES.NS: 14865, BLS.NS: 6095, ELECON.NS: 4313, APARINDS.NS: 626, M&M.NS: 524, AIAENG.NS: 248"
2022-08-05,4437763.85711129,314585.5993903425,4123178.2577209473,6,"GOLDBEES.NS: 14885, BLS.NS: 6095, ELECON.NS: 4313, APARINDS.NS: 626, M&M.NS: 524, ELGIEQUIP.NS: 1472"
2022-08-12,4449967.245781418,396768.48120927415,4053198.7645721436,6,"GOLDBEES.NS: 14833, ELECON.NS: 4313, APARINDS.NS: 626, M&M.NS: 524, ELGIEQUIP.NS: 1472, TIMKEN.NS: 203"
2022-08-19,4357737.952272872,429139.197664718,3928598.7546081543,6,"GOLDBEES.NS: 14716, ELECON.NS: 4313, APARINDS.NS: 626, TIMKEN.NS: 203, HSCL.NS: 6123, ATGL.NS: 180"
2022-08-26,4502840.791624869,369532.33580287837,4133308.455821991,6,"GOLDBEES.NS: 15247, ELECON.NS: 4313, APARINDS.NS: 626, HSCL.NS: 6123, ATGL.NS: 180, TITAGARH.NS: 4001"
2022-09-02,4512103.253123679,1174590.84623281,3337512.406890869,5,"APARINDS.NS: 626, HSCL.NS: 6123, ATGL.NS: 180, TITAGARH.NS: 4001, ANANTRAJ.NS: 6780"
2022-09-09,4441272.835460805,1294411.7677041525,3146861.067756653,5,"HSCL.NS: 6123, ATGL.NS: 180, ANANTRAJ.NS: 6780, KIRLOSENG.NS: 2434, TIINDIA.NS: 227"
2022-09-16,4272151.847853679,1332514.5191641038,2939637.328689575,5,"HSCL.NS: 6123, ANANTRAJ.NS: 6780, KIRLOSENG.NS: 2434, TIINDIA.NS: 227, TATAINVEST.NS: 2224"
2022-09-23,4279151.543336467,1260236.0161605633,3018915.5271759033,5,"HSCL.NS: 6123, ANANTRAJ.NS: 6780, KIRLOSENG.NS: 2434, TIINDIA.NS: 227, KARURVYSYA.NS: 8846"
2022-09-30,4296198.387691386,1261806.9953039964,3034391.39238739,5,"HSCL.NS: 6123, ANANTRAJ.NS: 6780, KIRLOSENG.NS: 2434, TIINDIA.NS: 227, KARURVYSYA.NS: 8846"
2022-10-07,4440038.566830484,629741.6384476101,3810296.9283828735,6,"GOLDBEES.NS: 14970, ANANTRAJ.NS: 6780, KIRLOSENG.NS: 2434, KARURVYSYA.NS: 8846, MAZDOCK.NS: 2040, INOXWIND.NS: 16364"
2022-10-14,4428551.607178235,1278064.0735020875,3150487.5336761475,5,"ANANTRAJ.NS: 6780, KIRLOSENG.NS: 2434, KARURVYSYA.NS: 8846, MAZDOCK.NS: 2040, INOXWIND.NS: 16364"
2022-10-21,4482617.689450368,1256235.0992175187,3226382.590232849,5,"ANANTRAJ.NS: 6780, KARURVYSYA.NS: 8846, MAZDOCK.NS: 2040, INOXWIND.NS: 16364, TARIL.NS: 23339"
2022-10-28,4730421.235913186,1257801.0909165433,3472620.144996643,5,"ANANTRAJ.NS: 6780, KARURVYSYA.NS: 8846, MAZDOCK.NS: 2040, INOXWIND.NS: 16364, TARIL.NS: 23339"
2022-11-04,4830502.030263752,1259369.0347422063,3571132.9955215454,5,"ANANTRAJ.NS: 6780, KARURVYSYA.NS: 8846, MAZDOCK.NS: 2040, INOXWIND.NS: 16364, TARIL.NS: 23339"
2022-11-11,4742408.410785692,411708.8117733173,4330699.599012375,6,"GOLDBEES.NS: 15893, ANANTRAJ.NS: 6780, KARURVYSYA.NS: 8846, MAZDOCK.NS: 2040, TARIL.NS: 23339, COCHINSHIP.NS: 2191"
2022-11-18,4714254.976139326,411071.54603220837,4303183.430107117,6,"GOLDBEES.NS: 15624, ANANTRAJ.NS: 6780, KARURVYSYA.NS: 8846, MAZDOCK.NS: 2040, COCHINSHIP.NS: 2191, RVNL.NS: 10850"
2022-11-25,4816755.388196418,416840.8124632337,4399914.575733185,6,"GOLDBEES.NS: 16063, KARURVYSYA.NS: 8846, MAZDOCK.NS: 2040, COCHINSHIP.NS: 2191, RVNL.NS: 10850, UNIONBANK.NS: 9669"
2022-12-02,4968375.012075489,409101.2099095038,4559273.802165985,6,"GOLDBEES.NS: 16243, KARURVYSYA.NS: 8846, MAZDOCK.NS: 2040, COCHINSHIP.NS: 2191, RVNL.NS: 10850, UNIONBANK.NS: 9669"
2022-12-09,4886400.716789451,444714.65209981496,4441686.064689636,6,"GOLDBEES.NS: 15896, KARURVYSYA.NS: 8846, MAZDOCK.NS: 2040, COCHINSHIP.NS: 2191, UNIONBANK.NS: 9669, UCOBANK.NS: 29524"
2022-12-16,5239836.930165987,460191.56289456366,4779645.367271423,6,"GOLDBEES.NS: 17050, MAZDOCK.NS: 2040, COCHINSHIP.NS: 2191, UCOBANK.NS: 29524, FACT.NS: 2740, CENTRALBK.NS: 20050"
2022-12-23,4570071.646106493,686829.7925603507,3883241.8535461426,6,"GOLDBEES.NS: 14684, JSL.NS: 3135, INDIANB.NS: 2548, APARINDS.NS: 395, JINDALSTEL.NS: 1229, MCX.NS: 2104"
2022-12-30,4828191.831579426,666574.5602628976,4161617.2713165283,6,"GOLDBEES.NS: 15479, JSL.NS: 3135, INDIANB.NS: 2548, FACT.NS: 1816, J&KBANK.NS: 12481, IOB.NS: 21059"
2023-01-06,4782056.747048643,657712.3169338972,4124344.430114746,6,"GOLDBEES.NS: 15102, JSL.NS: 3135, INDIANB.NS: 2548, FACT.NS: 1816, BANKINDIA.NS: 7801, RVNL.NS: 9601"
2023-01-13,4795380.895529423,578508.6770998577,4216872.218429565,6,"GOLDBEES.NS: 14914, JSL.NS: 3135, BANKINDIA.NS: 7801, RVNL.NS: 9601, J&KBANK.NS: 12363, MAHABANK.NS: 23642"
2023-01-20,4763907.11317639,556103.7124271833,4207803.400749207,6,"GOLDBEES.NS: 14655, JSL.NS: 3135, RVNL.NS: 9601, MAHABANK.NS: 23642, SWANCORP.NS: 1843, GPIL.NS: 1658"
2023-01-27,4563498.219493786,535919.9841651119,4027578.2353286743,6,"GOLDBEES.NS: 14033, JSL.NS: 3135, RVNL.NS: 9601, SWANCORP.NS: 1843, GPIL.NS: 1658, JWL.NS: 5717"
2023-02-03,4448686.123493872,418594.3677146053,4030091.7557792664,6,"GOLDBEES.NS: 13503, JSL.NS: 3135, RVNL.NS: 9601, GPIL.NS: 1658, JINDALSAW.NS: 9869, GRAVITA.NS: 1262"
2023-02-10,4477541.826629484,439305.31307205034,4038236.513557434,6,"GOLDBEES.NS: 13802, JSL.NS: 3135, GPIL.NS: 1658, JINDALSAW.NS: 9869, GRAVITA.NS: 1262, USHAMART.NS: 3378"
2023-02-17,4429112.935162219,413010.1901251406,4016102.745037079,6,"GOLDBEES.NS: 13855, JSL.NS: 3135, JINDALSAW.NS: 9869, GRAVITA.NS: 1262, USHAMART.NS: 3378, APARINDS.NS: 264"
2023-02-24,4421139.357016749,1022504.4905235233,3398634.866493225,5,"JSL.NS: 3135, JINDALSAW.NS: 9869, APARINDS.NS: 264, ZENTEC.NS: 2324, PGEL.NS: 4633"
2023-03-03,4465280.895158177,1023779.1194089705,3441501.7757492065,5,"JSL.NS: 3135, JINDALSAW.NS: 9869, APARINDS.NS: 264, ZENTEC.NS: 2324, PGEL.NS: 4633"
2023-03-10,4710336.801189356,1025055.337215357,3685281.463973999,5,"JSL.NS: 3135, JINDALSAW.NS: 9869, APARINDS.NS: 264, ZENTEC.NS: 2324, PGEL.NS: 4633"
2023-03-17,4619093.673609469,428504.3793437226,4190589.294265747,6,"GOLDBEES.NS: 13927, JSL.NS: 3135, APARINDS.NS: 264, ZENTEC.NS: 2324, PGEL.NS: 4633, USHAMART.NS: 3136"
2023-03-24,4581885.350275004,411220.0296420697,4170665.3206329346,6,"GOLDBEES.NS: 13502, JSL.NS: 3135, APARINDS.NS: 264, ZENTEC.NS: 2324, USHAMART.NS: 3136, SONATSOFTW.NS: 1625"
2023-03-31,4710252.122161452,626212.6574321431,4084039.464729309,6,"GOLDBEES.NS: 13835, APARINDS.NS: 264, ZENTEC.NS: 2324, SONATSOFTW.NS: 1625, FINCABLES.NS: 829, POLICYBZR.NS: 1032"
2023-04-07,4762934.0982673215,629376.3004272031,4133557.7978401184,6,"GOLDBEES.NS: 13789, APARINDS.NS: 264, ZENTEC.NS: 2324, SONATSOFTW.NS: 1625, FINCABLES.NS: 829, POLICYBZR.NS: 1032"
2023-04-14,4726918.773338735,637327.8684429526,4089590.9048957825,6,"GOLDBEES.NS: 13651, APARINDS.NS: 264, ZENTEC.NS: 2324, SONATSOFTW.NS: 1625, FINCABLES.NS: 829, POLICYBZR.NS: 1032"
2023-04-21,4728062.780904094,629094.402783671,4098968.3781204224,6,"GOLDBEES.NS: 13827, APARINDS.NS: 264, ZENTEC.NS: 2324, SONATSOFTW.NS: 1625, FINCABLES.NS: 829, POLICYBZR.NS: 1032"
2023-04-28,4749828.549504118,636563.2382858562,4113265.3112182617,6,"GOLDBEES.NS: 13902, APARINDS.NS: 264, SONATSOFTW.NS: 1625, FINCABLES.NS: 829, POLICYBZR.NS: 1032, ANURAS.NS: 590"
2023-05-05,4808274.904251334,646018.3960726236,4162256.508178711,6,"GOLDBEES.NS: 13737, APARINDS.NS: 264, SONATSOFTW.NS: 1625, FINCABLES.NS: 829, POLICYBZR.NS: 1032, ANURAS.NS: 590"
2023-05-12,4779264.631274225,625648.3730916993,4153616.2581825256,6,"GOLDBEES.NS: 13811, SONATSOFTW.NS: 1625, FINCABLES.NS: 829, ANURAS.NS: 590, GVT&D.NS: 3075, NEULANDLAB.NS: 260"
2023-05-19,4923133.998697292,623720.7891941178,4299413.209503174,6,"GOLDBEES.NS: 14356, SONATSOFTW.NS: 1625, ANURAS.NS: 590, GVT&D.NS: 3075, NEULANDLAB.NS: 260, ADANIPOWER.NS: 14596"
2023-05-26,4911147.115636802,607926.7018794778,4303220.413757324,6,"GOLDBEES.NS: 14352, ANURAS.NS: 590, NEULANDLAB.NS: 260, ADANIPOWER.NS: 14596, ADANIGREEN.NS: 713, ADANIENT.NS: 270"
2023-06-02,4834225.3929412505,1345155.5094726225,3489069.883468628,5,"ANURAS.NS: 590, NEULANDLAB.NS: 260, ADANIPOWER.NS: 14596, ADANIGREEN.NS: 713, ADANIENT.NS: 270"
2023-06-09,4865101.888851162,1410713.0613975488,3454388.8274536133,5,"NEULANDLAB.NS: 260, ADANIGREEN.NS: 713, FORCEMOT.NS: 315, TITAGARH.NS: 1618, SUZLON.NS: 48655"
2023-06-16,4957140.08343445,1413949.754454958,3543190.328979492,5,"NEULANDLAB.NS: 260, FORCEMOT.NS: 315, TITAGARH.NS: 1618, SUZLON.NS: 48655, MAZDOCK.NS: 1200"
2023-06-23,4979014.846085271,1403846.3410136306,3575168.50507164,5,"NEULANDLAB.NS: 260, FORCEMOT.NS: 315, TITAGARH.NS: 1618, SUZLON.NS: 48655, FACT.NS: 1682"
2023-06-30,5277983.149538385,1405596.341246949,3872386.8082914352,5,"NEULANDLAB.NS: 260, FORCEMOT.NS: 315, TITAGARH.NS: 1618, SUZLON.NS: 48655, FACT.NS: 1682"
2023-07-07,5483899.147142446,1442165.6734428764,4041733.4736995697,5,"FORCEMOT.NS: 315, TITAGARH.NS: 1618, SUZLON.NS: 48655, FACT.NS: 1682, MAZDOCK.NS: 1192"
2023-07-14,5810012.41340804,1459427.3790948382,4350585.034313202,5,"FORCEMOT.NS: 315, TITAGARH.NS: 1618, SUZLON.NS: 48655, MAZDOCK.NS: 1192, OLECTRA.NS: 592"
2023-07-21,6049558.894655576,1461246.6652797372,4588312.229375839,5,"FORCEMOT.NS: 315, TITAGARH.NS: 1618, SUZLON.NS: 48655, MAZDOCK.NS: 1192, OLECTRA.NS: 592"
2023-07-28,6021853.927496038,412935.92611893243,5608918.001377106,6,"GOLDBEES.NS: 17827, FORCEMOT.NS: 315, TITAGARH.NS: 1618, SUZLON.NS: 48655, MAZDOCK.NS: 1192, ZENTEC.NS: 1345"
2023-08-04,5990073.113941787,1313624.1555124507,4676448.958429337,5,"FORCEMOT.NS: 315, TITAGARH.NS: 1618, SUZLON.NS: 48655, MAZDOCK.NS: 1192, ZENTEC.NS: 1345"
2023-08-11,6483305.276731901,1417575.448290281,5065729.82844162,5,"FORCEMOT.NS: 315, TITAGARH.NS: 1618, SUZLON.NS: 48655, ZENTEC.NS: 1345, JWL.NS: 3700"
2023-08-18,6588846.389355811,1419342.5628902046,5169503.826465607,5,"FORCEMOT.NS: 315, TITAGARH.NS: 1618, SUZLON.NS: 48655, ZENTEC.NS: 1345, JWL.NS: 3700"
2023-08-25,7264210.221512417,1421111.8803316157,5843098.341180801,5,"FORCEMOT.NS: 315, TITAGARH.NS: 1618, SUZLON.NS: 48655, ZENTEC.NS: 1345, JWL.NS: 3700"
2023-09-01,7487390.943581954,344548.1448987874,7142842.7986831665,6,"GOLDBEES.NS: 22298, TITAGARH.NS: 1618, SUZLON.NS: 48655, ZENTEC.NS: 1345, JWL.NS: 3700, KALYANKJIL.NS: 4292"
2023-09-08,7488289.145603718,1464448.2514501233,6023840.894153595,5,"TITAGARH.NS: 1618, SUZLON.NS: 48655, ZENTEC.NS: 1345, JWL.NS: 3700, KALYANKJIL.NS: 4292"
2023-09-15,7220446.586918935,1748663.863442525,5471782.72347641,5,"TITAGARH.NS: 1618, SUZLON.NS: 48655, ZENTEC.NS: 1345, KALYANKJIL.NS: 4292, IRFC.NS: 13330"
2023-09-22,7061905.46617409,1628528.4706830622,5433376.995491028,5,"TITAGARH.NS: 1618, SUZLON.NS: 48655, IFCI.NS: 42895, J&KBANK.NS: 9462, IOB.NS: 22548"
2023-09-29,7203621.65257449,2127675.197120617,5075946.455453873,5,"IFCI.NS: 42895, J&KBANK.NS: 9462, IOB.NS: 22548, IRFC.NS: 13786, GVT&D.NS: 2285"
2023-10-06,7169146.58491648,2112563.444611914,5056583.140304565,5,"IFCI.NS: 42895, J&KBANK.NS: 9462, IOB.NS: 22548, GVT&D.NS: 2285, GMDCLTD.NS: 3185"
2023-10-13,7339957.807632612,1933495.2373754247,5406462.570257187,5,"IFCI.NS: 42895, J&KBANK.NS: 9462, GMDCLTD.NS: 3185, ITI.NS: 3790, IRFC.NS: 14038"
2023-10-20,7259212.729227296,846938.05578827,6412274.673439026,6,"GOLDBEES.NS: 21106, IFCI.NS: 42895, J&KBANK.NS: 9462, GMDCLTD.NS: 3185, ITI.NS: 3790, IRFC.NS: 14038"
2023-10-27,6945108.598116395,1041860.9085183112,5903247.6895980835,6,"GOLDBEES.NS: 20176, BSE.NS: 1579, TARIL.NS: 11973, SUZLON.NS: 30294, SWANCORP.NS: 2634, ANGELONE.NS: 3982"
2023-11-03,7228306.579955957,1004046.756313226,6224259.823642731,6,"GOLDBEES.NS: 20931, BSE.NS: 1579, TARIL.NS: 11973, SUZLON.NS: 30294, SWANCORP.NS: 2634, ANGELONE.NS: 3982"
2023-11-10,7474003.377665569,958191.0847235216,6515812.292942047,6,"GOLDBEES.NS: 21849, BSE.NS: 1579, TARIL.NS: 11973, SUZLON.NS: 30294, SWANCORP.NS: 2634, ANGELONE.NS: 3982"
2023-11-17,8049623.239639117,885062.7296903873,7164560.5099487305,6,"GOLDBEES.NS: 23282, BSE.NS: 1579, TARIL.NS: 11973, SUZLON.NS: 30294, SWANCORP.NS: 2634, ANGELONE.NS: 3982"
2023-11-24,7902336.2187178545,918423.4831755573,6983912.735542297,6,"GOLDBEES.NS: 22730, BSE.NS: 1579, TARIL.NS: 11973, SUZLON.NS: 30294, ANGELONE.NS: 3982, MCX.NS: 1899"
2023-12-01,8096724.202471882,916370.6474486883,7180353.555023193,6,"GOLDBEES.NS: 22790, BSE.NS: 1579, TARIL.NS: 11973, SUZLON.NS: 30294, ANGELONE.NS: 3982, MCX.NS: 1899"
2023-12-08,8023471.248226053,925789.1835821935,7097682.06464386,6,"GOLDBEES.NS: 22734, BSE.NS: 1579, SUZLON.NS: 30294, ANGELONE.NS: 3982, MCX.NS: 1899, ITI.NS: 3816"
2023-12-15,8144486.058874585,905869.9518837706,7238616.106990814,6,"GOLDBEES.NS: 23133, BSE.NS: 1579, SUZLON.NS: 30294, ANGELONE.NS: 3982, MCX.NS: 1899, ITI.NS: 3816"
2023-12-22,8096059.252593337,917768.1464532001,7178291.106140137,6,"GOLDBEES.NS: 22832, BSE.NS: 1579, ANGELONE.NS: 3982, MCX.NS: 1899, ITI.NS: 3816, INOXWIND.NS: 10003"
2023-12-29,8261220.838965353,907208.2704114285,7354012.568553925,6,"GOLDBEES.NS: 23093, ANGELONE.NS: 3982, MCX.NS: 1899, ITI.NS: 3816, INOXWIND.NS: 10003, GALLANTT.NS: 6460"
2024-01-05,8412922.661775673,895822.8722172617,7517099.789558411,6,"GOLDBEES.NS: 23748, ANGELONE.NS: 3982, INOXWIND.NS: 10003, GALLANTT.NS: 6460, SIGNATURE.NS: 1115, WOCKPHARMA.NS: 2419"
2024-01-12,8291154.1548472885,851923.963006163,7439230.1918411255,6,"GOLDBEES.NS: 23470, ANGELONE.NS: 3982, GALLANTT.NS: 6460, SIGNATURE.NS: 1115, WOCKPHARMA.NS: 2419, PRESTIGE.NS: 842"
2024-01-19,7945894.065203348,1028092.4398028047,6917801.625400543,6,"GOLDBEES.NS: 22557, GALLANTT.NS: 6460, SIGNATURE.NS: 1115, WOCKPHARMA.NS: 2419, IRFC.NS: 7186, HUDCO.NS: 7421"
2024-01-26,8037678.925138512,2218460.1815166855,5819218.743621826,5,"GALLANTT.NS: 6460, SIGNATURE.NS: 1115, WOCKPHARMA.NS: 2419, IRFC.NS: 7186, HUDCO.NS: 7421"
2024-02-02,8705350.536386387,768936.1155032087,7936414.420883179,6,"GOLDBEES.NS: 24372, GALLANTT.NS: 6460, SIGNATURE.NS: 1115, IRFC.NS: 7186, HUDCO.NS: 7421, IFCI.NS: 20212"
2024-02-09,8586207.141768578,639614.0946112915,7946593.047157288,6,"GOLDBEES.NS: 24278, GALLANTT.NS: 6460, SIGNATURE.NS: 1115, HUDCO.NS: 7421, IFCI.NS: 20212, INOXWIND.NS: 9387"
2024-02-16,8742160.996783245,1785699.129702556,6956461.8670806885,5,"GALLANTT.NS: 6460, SIGNATURE.NS: 1115, HUDCO.NS: 7421, INOXWIND.NS: 9387, MRPL.NS: 5236"
2024-02-23,8760194.483593632,1809685.7530485883,6950508.730545044,5,"GALLANTT.NS: 6460, SIGNATURE.NS: 1115, HUDCO.NS: 7421, INOXWIND.NS: 9387, OIL.NS: 3334"
2024-03-01,8693334.205929358,1811941.6626859503,6881392.543243408,5,"GALLANTT.NS: 6460, SIGNATURE.NS: 1115, HUDCO.NS: 7421, INOXWIND.NS: 9387, OIL.NS: 3334"
2024-03-08,8733084.3547884,510458.91192112234,8222625.442867279,6,"GOLDBEES.NS: 23629, GALLANTT.NS: 6460, SIGNATURE.NS: 1115, HUDCO.NS: 7421, OIL.NS: 3334, TATAINVEST.NS: 1263"
2024-03-15,7848916.665810028,968868.1136860044,6880048.552124023,6,"GOLDBEES.NS: 21128, HUDCO.NS: 7421, FORCEMOT.NS: 168, OFSS.NS: 140, EIHOTEL.NS: 2652, KPIL.NS: 1082"
2024-03-22,7960940.06174672,1122453.1515294353,6838486.910217285,6,"GOLDBEES.NS: 21328, FORCEMOT.NS: 168, OFSS.NS: 140, EIHOTEL.NS: 2652, KPIL.NS: 1082, GVT&D.NS: 1264"
2024-03-29,8072584.599364129,1058974.0007007988,7013610.59866333,6,"GOLDBEES.NS: 21390, FORCEMOT.NS: 168, OFSS.NS: 140, EIHOTEL.NS: 2652, KPIL.NS: 1082, SCHNEIDER.NS: 1525"
2024-04-05,8528406.306919891,1043705.0031784365,7484701.303741455,6,"GOLDBEES.NS: 21671, FORCEMOT.NS: 168, OFSS.NS: 140, EIHOTEL.NS: 2652, KPIL.NS: 1082, SCHNEIDER.NS: 1525"
2024-04-12,8571831.791225273,1100905.1994894338,7470926.59173584,6,"GOLDBEES.NS: 20768, FORCEMOT.NS: 168, OFSS.NS: 140, EIHOTEL.NS: 2652, KPIL.NS: 1082, SCHNEIDER.NS: 1525"
2024-04-19,8512811.584607493,814455.8218244417,7698355.762783051,6,"GOLDBEES.NS: 20517, FORCEMOT.NS: 168, EIHOTEL.NS: 2652, KPIL.NS: 1082, TARIL.NS: 3588, INDUSTOWER.NS: 3391"
2024-04-26,8522405.611306472,728907.0353787376,7793498.575927734,6,"GOLDBEES.NS: 20844, FORCEMOT.NS: 168, EIHOTEL.NS: 2652, KPIL.NS: 1082, INDUSTOWER.NS: 3391, JYOTICNC.NS: 1477"
2024-05-03,8536611.70242313,701012.922805819,7835598.77961731,6,"GOLDBEES.NS: 21172, FORCEMOT.NS: 168, EIHOTEL.NS: 2652, KPIL.NS: 1082, INDUSTOWER.NS: 3391, SCHNEIDER.NS: 1458"
2024-05-10,8318393.437360081,880251.6774876444,7438141.7598724365,6,"GOLDBEES.NS: 20151, FORCEMOT.NS: 168, KPIL.NS: 1082, INDUSTOWER.NS: 3391, SCHNEIDER.NS: 1458, HINDZINC.NS: 2386"
2024-05-17,8671533.0448942,1174012.809405307,7497520.235488892,6,"GOLDBEES.NS: 20994, INDUSTOWER.NS: 3391, SCHNEIDER.NS: 1458, HINDZINC.NS: 2386, POWERINDIA.NS: 109, ABB.NS: 146"
2024-05-24,8996969.42497402,1104288.7774978231,7892680.647476196,6,"GOLDBEES.NS: 22163, INDUSTOWER.NS: 3391, SCHNEIDER.NS: 1458, HINDZINC.NS: 2386, POWERINDIA.NS: 109, ABB.NS: 146"
2024-05-31,8569667.735890219,1310208.0804260469,7259459.655464172,6,"GOLDBEES.NS: 20975, POWERINDIA.NS: 109, ABB.NS: 146, COCHINSHIP.NS: 624, TARIL.NS: 3429, TECHNOE.NS: 854"
2024-06-07,8409874.302297115,1186127.980664731,7223746.321632385,6,"GOLDBEES.NS: 20650, POWERINDIA.NS: 109, COCHINSHIP.NS: 624, TARIL.NS: 3429, TEJASNET.NS: 919, GRSE.NS: 881"
2024-06-14,8982154.068876553,2389772.0547469147,6592382.014129639,5,"COCHINSHIP.NS: 624, TARIL.NS: 3429, TEJASNET.NS: 919, GRSE.NS: 881, TECHNOE.NS: 872"
2024-06-21,8988610.644682057,1215912.5201093033,7772698.124572754,6,"GOLDBEES.NS: 21913, COCHINSHIP.NS: 624, TARIL.NS: 3429, TEJASNET.NS: 919, TECHNOE.NS: 872, MAZDOCK.NS: 656"
2024-06-28,9165155.650470136,2502794.127887128,6662361.522583008,5,"COCHINSHIP.NS: 624, TEJASNET.NS: 919, TECHNOE.NS: 872, MAZDOCK.NS: 656, GRSE.NS: 619"
2024-07-05,10334863.188526116,955540.8390578853,9379322.349468231,6,"GOLDBEES.NS: 25215, COCHINSHIP.NS: 624, TEJASNET.NS: 919, TECHNOE.NS: 872, MAZDOCK.NS: 656, GRSE.NS: 619"
2024-07-12,10174288.558266249,991201.2750936421,9183087.283172607,6,"GOLDBEES.NS: 24658, COCHINSHIP.NS: 624, TEJASNET.NS: 919, TECHNOE.NS: 872, MAZDOCK.NS: 656, GRSE.NS: 619"
2024-07-19,9814473.676441371,1533449.8361932633,8281023.840248108,6,"GOLDBEES.NS: 23590, TEJASNET.NS: 919, TECHNOE.NS: 872, GRSE.NS: 619, RVNL.NS: 2266, EMAMILTD.NS: 1786"
2024-07-26,9551886.444663556,2722695.690696271,6829190.753967285,5,"TECHNOE.NS: 872, EMAMILTD.NS: 1786, PGEL.NS: 3030, IFCI.NS: 16058, PTCIL.NS: 95"
2024-08-02,9494409.104753228,2726089.736009331,6768319.3687438965,5,"TECHNOE.NS: 872, EMAMILTD.NS: 1786, PGEL.NS: 3030, IFCI.NS: 16058, PTCIL.NS: 95"
2024-08-09,9318398.052232092,2562092.024705237,6756306.0275268555,5,"TECHNOE.NS: 872, EMAMILTD.NS: 1786, PGEL.NS: 3030, PTCIL.NS: 95, GRAVITA.NS: 724"
2024-08-16,9821736.935837913,2622650.566575218,7199086.369262695,5,"EMAMILTD.NS: 1786, PGEL.NS: 3030, PTCIL.NS: 95, GRAVITA.NS: 724, NEULANDLAB.NS: 117"
2024-08-23,9943489.724953415,2502767.826149704,7440721.898803711,5,"EMAMILTD.NS: 1786, PGEL.NS: 3030, GRAVITA.NS: 724, NEULANDLAB.NS: 117, AIIL.NS: 4064"
2024-08-30,9964900.580042085,1012790.3525106518,8952110.227531433,6,"GOLDBEES.NS: 24642, PGEL.NS: 3030, GRAVITA.NS: 724, NEULANDLAB.NS: 117, AIIL.NS: 4064, PCBL.NS: 2945"
2024-09-06,10146229.322041616,986935.1405573925,9159294.181484222,6,"GOLDBEES.NS: 25089, PGEL.NS: 3030, GRAVITA.NS: 724, NEULANDLAB.NS: 117, AIIL.NS: 4064, PCBL.NS: 2945"
2024-09-13,10440455.85730937,968623.5957737252,9471832.261535645,6,"GOLDBEES.NS: 25406, PGEL.NS: 3030, GRAVITA.NS: 724, NEULANDLAB.NS: 117, AIIL.NS: 4064, PCBL.NS: 2945"
2024-09-20,10539997.893809853,974949.8061633692,9565048.087646484,6,"GOLDBEES.NS: 25324, PGEL.NS: 3030, GRAVITA.NS: 724, NEULANDLAB.NS: 117, AIIL.NS: 4064, PCBL.NS: 2945"
2024-09-27,10966057.672156783,938835.1821970663,10027222.489959717,6,"GOLDBEES.NS: 25912, PGEL.NS: 3030, GRAVITA.NS: 724, NEULANDLAB.NS: 117, AIIL.NS: 4064, PCBL.NS: 2945"
2024-10-04,10569109.599703716,1241789.9632939568,9327319.63640976,6,"GOLDBEES.NS: 24775, PGEL.NS: 3030, NEULANDLAB.NS: 117, AIIL.NS: 4064, PCBL.NS: 2945, RPOWER.NS: 29042"
2024-10-11,10526618.681593029,1026898.7492733877,9499719.932319641,6,"GOLDBEES.NS: 24851, PGEL.NS: 3030, NEULANDLAB.NS: 117, AIIL.NS: 4064, BSE.NS: 986, SARDAEN.NS: 2957"
2024-10-18,10533530.894759666,1165505.985656273,9368024.909103394,6,"GOLDBEES.NS: 24242, PGEL.NS: 3030, AIIL.NS: 4064, SARDAEN.NS: 2957, MOTILALOFS.NS: 1455, JUBLPHARMA.NS: 1255"
2024-10-25,9709233.442800675,1453919.0707913972,8255314.372009277,6,"GOLDBEES.NS: 22254, SARDAEN.NS: 2957, MCX.NS: 1051, PAYTM.NS: 1826, AMBER.NS: 220, PPLPHARMA.NS: 5565"
2024-11-01,9961543.338486843,1399619.1659251968,8561924.172561646,6,"GOLDBEES.NS: 22329, MCX.NS: 1051, PAYTM.NS: 1826, AMBER.NS: 220, PPLPHARMA.NS: 5565, BSE.NS: 940"
2024-11-08,10130932.416514914,1333107.0716662817,8797825.344848633,6,"GOLDBEES.NS: 23379, MCX.NS: 1051, PAYTM.NS: 1826, AMBER.NS: 220, PPLPHARMA.NS: 5565, BSE.NS: 940"
2024-11-15,9633261.190379443,2773975.2194321766,6859285.970947266,5,"PAYTM.NS: 1826, AMBER.NS: 220, BSE.NS: 940, RAINBOW.NS: 819, NEULANDLAB.NS: 86"
2024-11-22,9899146.092192084,1292399.088362128,8606747.003829956,6,"GOLDBEES.NS: 22729, PAYTM.NS: 1826, AMBER.NS: 220, BSE.NS: 940, RAINBOW.NS: 819, NEULANDLAB.NS: 86"
2024-11-29,9929981.191063005,1265784.0284653488,8664197.162597656,6,"GOLDBEES.NS: 23168, PAYTM.NS: 1826, AMBER.NS: 220, BSE.NS: 940, RAINBOW.NS: 819, NEULANDLAB.NS: 86"
2024-12-06,10349710.279461889,2472992.160931615,7876718.118530273,5,"PAYTM.NS: 1826, BSE.NS: 940, NEULANDLAB.NS: 86, CARTRADE.NS: 997, TARIL.NS: 2804"
2024-12-13,10421063.62153176,765666.2677414771,9655397.353790283,6,"GOLDBEES.NS: 24194, PAYTM.NS: 1826, BSE.NS: 940, CARTRADE.NS: 997, TARIL.NS: 2804, PGEL.NS: 1592"
2024-12-20,10370233.134914154,2298431.6046407167,8071801.5302734375,5,"PAYTM.NS: 1826, BSE.NS: 940, CARTRADE.NS: 997, TARIL.NS: 2804, PGEL.NS: 1592"
2024-12-27,10473430.109231187,2301296.772805406,8172133.336425781,5,"PAYTM.NS: 1826, BSE.NS: 940, CARTRADE.NS: 997, TARIL.NS: 2804, PGEL.NS: 1592"
2025-01-03,10781922.802767,844888.3212530229,9937034.481513977,6,"GOLDBEES.NS: 24855, PAYTM.NS: 1826, CARTRADE.NS: 997, TARIL.NS: 2804, PGEL.NS: 1592, ITI.NS: 3302"
2025-01-10,10010670.31202394,1198767.230412306,8811903.081611633,6,"GOLDBEES.NS: 22777, CARTRADE.NS: 997, TARIL.NS: 2804, AMBER.NS: 178, LLOYDSME.NS: 967, SYRMA.NS: 2473"
2025-01-17,9507503.420045488,1384167.733583085,8123335.686462402,6,"GOLDBEES.NS: 21396, LLOYDSME.NS: 967, BSE.NS: 667, BLS.NS: 2678, MANAPPURAM.NS: 6957, WOCKPHARMA.NS: 947"
2025-01-24,9275216.868331224,1313155.0175774384,7962061.850753784,6,"GOLDBEES.NS: 20530, LLOYDSME.NS: 967, BSE.NS: 667, MANAPPURAM.NS: 6957, REDINGTON.NS: 5945, PARADEEP.NS: 10964"
2025-01-31,8882695.797137875,1229415.4552341874,7653280.3419036865,6,"GOLDBEES.NS: 19289, MANAPPURAM.NS: 6957, BLUEJET.NS: 1660, CARTRADE.NS: 753, BDL.NS: 960, ZENSARTECH.NS: 1453"
2025-02-07,9142295.669016207,1239603.4887030963,7902692.18031311,6,"GOLDBEES.NS: 19168, MANAPPURAM.NS: 6957, BLUEJET.NS: 1660, CARTRADE.NS: 753, BDL.NS: 960, ZENSARTECH.NS: 1453"
2025-02-14,8468005.18881188,1274519.5498653455,7193485.638946533,6,"GOLDBEES.NS: 17590, SRF.NS: 432, SBICARD.NS: 1389, REDINGTON.NS: 4941, BAJFINANCE.NS: 1421, NAVINFLUOR.NS: 295"
2025-02-21,8481831.026953394,1271783.101919824,7210047.925033569,6,"GOLDBEES.NS: 17650, SRF.NS: 432, SBICARD.NS: 1389, REDINGTON.NS: 4941, BAJFINANCE.NS: 1421, NAVINFLUOR.NS: 295"
2025-02-28,8288710.185216281,1155653.7505467858,7133056.434669495,6,"GOLDBEES.NS: 17487, SRF.NS: 432, SBICARD.NS: 1389, BAJFINANCE.NS: 1421, BLUEJET.NS: 1541, MANAPPURAM.NS: 5818"
2025-03-07,8517717.771622438,1142217.6126792629,7375500.158943176,6,"GOLDBEES.NS: 17693, SRF.NS: 432, SBICARD.NS: 1389, BAJFINANCE.NS: 1421, BLUEJET.NS: 1541, MANAPPURAM.NS: 5818"
2025-03-14,8539204.885851866,1151213.9956312238,7387990.890220642,6,"GOLDBEES.NS: 17589, SRF.NS: 432, SBICARD.NS: 1389, BAJFINANCE.NS: 1421, BLUEJET.NS: 1541, MANAPPURAM.NS: 5818"
2025-03-21,8949018.476944659,1111011.0589453906,7838007.417999268,6,"GOLDBEES.NS: 18152, SRF.NS: 432, SBICARD.NS: 1389, BAJFINANCE.NS: 1421, BLUEJET.NS: 1541, MANAPPURAM.NS: 5818"
2025-03-28,8912218.67528699,1121739.2439820583,7790479.431304932,6,"GOLDBEES.NS: 18026, SRF.NS: 432, SBICARD.NS: 1389, BAJFINANCE.NS: 1421, BLUEJET.NS: 1541, MANAPPURAM.NS: 5818"
2025-04-04,8570610.415968407,1110590.9564728613,7460019.459495544,6,"GOLDBEES.NS: 17143, SRF.NS: 432, SBICARD.NS: 1389, BAJFINANCE.NS: 1421, MANAPPURAM.NS: 5818, FORCEMOT.NS: 135"
2025-04-11,8632750.258769132,1123076.5110045446,7509673.747764587,6,"GOLDBEES.NS: 16623, SRF.NS: 432, BAJFINANCE.NS: 1421, MANAPPURAM.NS: 5818, FORCEMOT.NS: 135, CHAMBLFERT.NS: 1911"
2025-04-18,8783722.441083236,1281768.667432113,7501953.773651123,6,"GOLDBEES.NS: 16567, BAJFINANCE.NS: 1421, FORCEMOT.NS: 135, CHAMBLFERT.NS: 1911, GALLANTT.NS: 2633, NH.NS: 664"
2025-04-25,8758455.059270555,1295529.8320061509,7462925.227264404,6,"GOLDBEES.NS: 16415, BAJFINANCE.NS: 1421, FORCEMOT.NS: 135, CHAMBLFERT.NS: 1911, GALLANTT.NS: 2633, NH.NS: 664"
2025-05-02,8791579.699152937,1288397.3862333207,7503182.312919617,6,"GOLDBEES.NS: 16825, FORCEMOT.NS: 135, CHAMBLFERT.NS: 1911, GALLANTT.NS: 2633, NH.NS: 664, GLAXO.NS: 436"
2025-05-09,8715959.104390852,1214975.8865411207,7500983.217849731,6,"GOLDBEES.NS: 16181, FORCEMOT.NS: 135, CHAMBLFERT.NS: 1911, NH.NS: 664, GLAXO.NS: 436, KPRMILL.NS: 938"
2025-05-16,8624366.743193792,1018559.3787223569,7605807.364471436,6,"GOLDBEES.NS: 16633, FORCEMOT.NS: 135, GLAXO.NS: 436, GRSE.NS: 489, DATAPATTNS.NS: 422, BDL.NS: 658"
2025-05-23,8766676.607893845,1101030.4324406588,7665646.175453186,6,"GOLDBEES.NS: 16539, FORCEMOT.NS: 135, GRSE.NS: 489, DATAPATTNS.NS: 422, BDL.NS: 658, ZENTEC.NS: 649"
2025-05-30,9485401.840078922,994285.7420946078,8491116.097984314,6,"GOLDBEES.NS: 17899, FORCEMOT.NS: 135, GRSE.NS: 489, DATAPATTNS.NS: 422, BDL.NS: 658, ZENTEC.NS: 649"
2025-06-06,9619519.387559354,1006571.3699125656,8612948.01764679,6,"GOLDBEES.NS: 17763, FORCEMOT.NS: 135, GRSE.NS: 489, DATAPATTNS.NS: 422, BDL.NS: 658, ZENTEC.NS: 649"
2025-06-13,9561595.422800753,993371.3123652679,8568224.110435486,6,"GOLDBEES.NS: 17253, FORCEMOT.NS: 135, GRSE.NS: 489, DATAPATTNS.NS: 422, BDL.NS: 658, BSE.NS: 493"
2025-06-20,9746866.773344262,911648.6985761947,8835218.074768066,6,"GOLDBEES.NS: 17780, FORCEMOT.NS: 135, GRSE.NS: 489, DATAPATTNS.NS: 422, BDL.NS: 658, PARADEEP.NS: 8282"
2025-06-27,9485192.947994616,2311132.3070949577,7174060.640899658,5,"FORCEMOT.NS: 135, BDL.NS: 658, JMFINANCIL.NS: 8426, MCX.NS: 752, INTELLECT.NS: 1163"
2025-07-04,9559333.820588823,1473422.0101487609,8085911.8104400635,6,"GOLDBEES.NS: 17727, BDL.NS: 658, JMFINANCIL.NS: 8426, MCX.NS: 752, INTELLECT.NS: 1163, GABRIEL.NS: 1412"
2025-07-11,9588130.215129932,1234363.3744698376,8353766.840660095,6,"GOLDBEES.NS: 17723, JMFINANCIL.NS: 8426, INTELLECT.NS: 1163, GABRIEL.NS: 1412, FORCEMOT.NS: 81, APARINDS.NS: 155"
2025-07-18,9602064.035533208,1244156.006282111,8357908.029251099,6,"GOLDBEES.NS: 17622, JMFINANCIL.NS: 8426, INTELLECT.NS: 1163, GABRIEL.NS: 1412, FORCEMOT.NS: 81, APARINDS.NS: 155"
2025-07-25,9529827.372131834,1196755.991302976,8333071.380828857,6,"GOLDBEES.NS: 17412, JMFINANCIL.NS: 8426, FORCEMOT.NS: 81, APARINDS.NS: 155, SCHNEIDER.NS: 1461, GVT&D.NS: 548"
2025-08-01,9632989.354103742,1100421.4805228096,8532567.873580933,6,"GOLDBEES.NS: 17633, APARINDS.NS: 155, SCHNEIDER.NS: 1461, GVT&D.NS: 548, GALLANTT.NS: 1785, GABRIEL.NS: 1351"
2025-08-08,9545457.32647896,1172796.2925891895,8372661.0338897705,6,"GOLDBEES.NS: 16973, SCHNEIDER.NS: 1461, GVT&D.NS: 548, GALLANTT.NS: 1785, GABRIEL.NS: 1351, FORCEMOT.NS: 75"
2025-08-15,9498802.968287116,941290.9126535715,8557512.055633545,6,"GOLDBEES.NS: 17138, GVT&D.NS: 548, GABRIEL.NS: 1351, FORCEMOT.NS: 75, JMFINANCIL.NS: 7224, ANANDRATHI.NS: 491"
2025-08-22,9749609.498456575,1048663.3212944057,8700946.17716217,6,"GOLDBEES.NS: 17701, GABRIEL.NS: 1351, FORCEMOT.NS: 75, JMFINANCIL.NS: 7224, ANANDRATHI.NS: 491, BELRISE.NS: 9312"
2025-08-29,9506757.24248188,1260922.3713270936,8245834.871154785,6,"GOLDBEES.NS: 16710, GABRIEL.NS: 1351, JMFINANCIL.NS: 7224, ANANDRATHI.NS: 491, BELRISE.NS: 9312, CARTRADE.NS: 555"
2025-09-05,9845793.494570162,1162463.6724952713,8683329.82207489,6,"GOLDBEES.NS: 16659, GABRIEL.NS: 1351, JMFINANCIL.NS: 7224, ANANDRATHI.NS: 491, CARTRADE.NS: 555, NETWEB.NS: 447"
2025-09-12,9686170.188272975,1103955.5511346078,8582214.637138367,6,"GOLDBEES.NS: 15921, GABRIEL.NS: 1351, ANANDRATHI.NS: 491, NETWEB.NS: 447, ATHERENERG.NS: 2499, SYRMA.NS: 1646"
2025-09-19,10067996.151713658,1048634.955226231,9019361.196487427,6,"GOLDBEES.NS: 16542, GABRIEL.NS: 1351, ANANDRATHI.NS: 491, NETWEB.NS: 447, ATHERENERG.NS: 2499, SYRMA.NS: 1646"
2025-09-26,10005014.924537506,1107787.4533461004,8897227.471191406,6,"GOLDBEES.NS: 15928, GABRIEL.NS: 1351, ANANDRATHI.NS: 491, NETWEB.NS: 447, ATHERENERG.NS: 2499, SYRMA.NS: 1646"
2025-10-03,10575332.603446042,1069074.4750051848,9506258.128440857,6,"GOLDBEES.NS: 16341, GABRIEL.NS: 1351, ANANDRATHI.NS: 491, NETWEB.NS: 447, ATHERENERG.NS: 2499, SYRMA.NS: 1646"
2025-10-10,10553242.016722871,1340763.4040977487,9212478.612625122,6,"GOLDBEES.NS: 15725, NETWEB.NS: 447, ATHERENERG.NS: 2499, SYRMA.NS: 1646, GMDCLTD.NS: 2435, HBLENGINE.NS: 1678"
2025-10-17,10730457.4589387,1315842.9314728796,9414614.52746582,6,"GOLDBEES.NS: 14889, ATHERENERG.NS: 2499, HBLENGINE.NS: 1678, ADANIPOWER.NS: 9051, ACUTAAS.NS: 912, FORTIS.NS: 1384"
2025-10-24,10644632.21433665,1180139.9699824024,9464492.244354248,6,"GOLDBEES.NS: 15700, ATHERENERG.NS: 2499, HBLENGINE.NS: 1678, ADANIPOWER.NS: 9051, ACUTAAS.NS: 912, SAMMAANCAP.NS: 7916"
2025-10-31,10659056.508353936,1153102.5537564624,9505953.954597473,6,"GOLDBEES.NS: 15985, ATHERENERG.NS: 2499, HBLENGINE.NS: 1678, ADANIPOWER.NS: 9051, ACUTAAS.NS: 912, SAMMAANCAP.NS: 7916"
2025-11-07,10474753.78945981,1254769.5177923297,9219984.27166748,6,"GOLDBEES.NS: 15722, HBLENGINE.NS: 1678, ACUTAAS.NS: 912, SAMMAANCAP.NS: 7916, CHENNPETRO.NS: 1454, LTF.NS: 4830"
2025-11-14,10491230.802386293,1314772.866656313,9176457.93572998,6,"GOLDBEES.NS: 15159, HBLENGINE.NS: 1678, ACUTAAS.NS: 912, SAMMAANCAP.NS: 7916, CHENNPETRO.NS: 1454, LTF.NS: 4830"
2025-11-21,10046215.976760268,1446619.6345361471,8599596.342224121,6,"GOLDBEES.NS: 14775, CHENNPETRO.NS: 1454, LTF.NS: 4830, ATHERENERG.NS: 2021, MRPL.NS: 8434, JKTYRE.NS: 3150"
2025-11-28,9988461.285084112,1325657.6561559276,8662803.628928185,6,"GOLDBEES.NS: 14321, LTF.NS: 4830, ATHERENERG.NS: 2021, JKTYRE.NS: 3150, IDEA.NS: 140407, SHRIRAMFIN.NS: 1642"
2025-12-05,10100436.149110092,1293584.7109587323,8806851.43815136,6,"GOLDBEES.NS: 14174, LTF.NS: 4830, JKTYRE.NS: 3150, IDEA.NS: 140407, SHRIRAMFIN.NS: 1642, HINDCOPPER.NS: 3808"
2025-12-12,10249194.810495755,1311527.5186647375,8937667.291831017,6,"GOLDBEES.NS: 14025, LTF.NS: 4830, JKTYRE.NS: 3150, IDEA.NS: 140407, SHRIRAMFIN.NS: 1642, HINDCOPPER.NS: 3808"
2025-12-19,10467233.5601466,1283398.2404911811,9183835.319655418,6,"GOLDBEES.NS: 14296, LTF.NS: 4830, JKTYRE.NS: 3150, IDEA.NS: 140407, SHRIRAMFIN.NS: 1642, HINDCOPPER.NS: 3808"
2025-12-26,11002809.756911807,1183315.4478955795,9819494.309016228,6,"GOLDBEES.NS: 14438, JKTYRE.NS: 3150, IDEA.NS: 140407, SHRIRAMFIN.NS: 1642, HINDCOPPER.NS: 3808, NATIONALUM.NS: 5083"
2026-01-02,11277384.794103079,1088960.1205820376,10188424.673521042,6,"GOLDBEES.NS: 15305, JKTYRE.NS: 3150, IDEA.NS: 140407, SHRIRAMFIN.NS: 1642, HINDCOPPER.NS: 3808, NATIONALUM.NS: 5083"
