Date,Action,Ticker,Shares,Price,Total Value,Entry Date,Entry Price,PnL %,Days Held
2024-04-01,BUY,LT.NS,1285,3680.75,4730232.57,2024-04-01,3680.75,0.0,0
2024-04-01,BUY,DIXON.NS,459,7513.97,3449256.62,2024-04-01,7513.97,0.0,0
2024-04-01,BUY,ABREL.NS,1104,1654.72,1826993.84,2024-04-01,1654.72,0.0,0
2024-04-04,BUY,MAHABANK.NS,1,62.14,62.15,2024-04-04,62.14,0.0,0
2024-04-05,BUY,JPPOWER.NS,1,19.35,19.35,2024-04-05,19.35,0.0,0
2024-04-15,SELL,LT.NS,1285,3530.05,4535654.65,2024-04-01,3680.75,-4.09,14
2024-04-15,BUY,CDSL.NS,2729,967.42,2640341.12,2024-04-15,967.42,0.0,0
2024-04-15,BUY,IRCTC.NS,1864,1016.61,1895152.45,2024-04-15,1016.61,0.0,0
2024-04-15,BUY,GPIL.NS,1,160.96,160.97,2024-04-15,160.96,0.0,0
2024-04-16,SELL,MAHABANK.NS,1,56.16,56.15,2024-04-04,62.14,-9.63,12
2024-04-16,SELL,JPPOWER.NS,1,16.7,16.7,2024-04-05,19.35,-13.7,11
2024-04-25,BUY,NMDC.NS,1,76.54,76.54,2024-04-25,76.54,0.0,0
2024-05-08,SELL,ABREL.NS,1104,1851.09,2043403.13,2024-04-01,1654.72,11.87,37
2024-05-08,SELL,IRCTC.NS,1864,962.18,1793321.3,2024-04-15,1016.61,-5.35,23
2024-05-08,BUY,TEJASNET.NS,1685,1106.02,1863837.51,2024-05-08,1106.02,0.0,0
2024-05-08,BUY,DABUR.NS,3620,544.84,1972510.88,2024-05-08,544.84,0.0,0
2024-05-09,BUY,ASHOKLEY.NS,4,94.57,378.31,2024-05-09,94.57,0.0,0
2024-05-13,SELL,CDSL.NS,2729,982.85,2681919.16,2024-04-15,967.42,1.6,28
2024-05-13,BUY,POLYCAB.NS,432,6205.55,2681064.14,2024-05-13,6205.55,0.0,0
2024-05-13,BUY,HINDZINC.NS,1,482.43,482.48,2024-05-13,482.43,0.0,0
2024-05-15,SELL,DIXON.NS,459,8088.51,3712253.58,2024-04-01,7513.97,7.65,44
2024-05-15,BUY,HAL.NS,879,4018.05,3532217.97,2024-05-15,4018.05,0.0,0
2024-05-15,BUY,M&M.NS,80,2246.67,179751.39,2024-05-15,2246.67,0.0,0
2024-05-15,BUY,VEDL.NS,1,371.94,371.98,2024-05-15,371.94,0.0,0
2024-05-17,BUY,IRCON.NS,1,254.64,254.66,2024-05-17,254.64,0.0,0
2024-05-28,SELL,GPIL.NS,1,177.96,177.94,2024-04-15,160.96,10.57,43
2024-05-28,BUY,UNIONBANK.NS,1,150.02,150.03,2024-05-28,150.02,0.0,0
2024-05-28,BUY,UCOBANK.NS,1,59.66,59.67,2024-05-28,59.66,0.0,0
2024-05-29,SELL,NMDC.NS,1,78.71,78.7,2024-04-25,76.54,2.84,34
2024-06-03,SELL,TEJASNET.NS,1685,1195.7,2014556.39,2024-05-08,1106.02,8.11,26
2024-06-03,SELL,DABUR.NS,3620,546.35,1977590.2,2024-05-08,544.84,0.28,26
2024-06-03,BUY,ADANIENT.NS,1003,3720.04,3731569.04,2024-06-03,3720.04,0.0,0
2024-06-03,BUY,IDEA.NS,15892,16.4,260654.86,2024-06-03,16.4,0.0,0
2024-06-05,SELL,ASHOKLEY.NS,4,102.39,409.52,2024-05-09,94.57,8.27,27
2024-06-05,SELL,HAL.NS,879,4326.66,3802753.06,2024-05-15,4018.05,7.68,21
2024-06-05,SELL,VEDL.NS,1,364.28,364.24,2024-05-15,371.94,-2.06,21
2024-06-05,SELL,IRCON.NS,1,230.46,230.43,2024-05-17,254.64,-9.5,19
2024-06-05,SELL,UNIONBANK.NS,1,133.86,133.84,2024-05-28,150.02,-10.77,8
2024-06-05,SELL,UCOBANK.NS,1,52.48,52.47,2024-05-28,59.66,-12.04,8
2024-06-05,SELL,ADANIENT.NS,1003,3025.96,3034736.51,2024-06-03,3720.04,-18.66,2
2024-06-05,SELL,IDEA.NS,15892,13.65,216904.1,2024-06-03,16.4,-16.77,2
2024-06-05,BUY,HINDUNILVR.NS,2079,2435.29,5063475.73,2024-06-05,2435.29,0.0,0
2024-06-06,BUY,HEROMOTOCO.NS,376,5291.76,1989899.71,2024-06-06,5291.76,0.0,0
2024-06-06,BUY,DABUR.NS,4,585.62,2342.71,2024-06-06,585.62,0.0,0
2024-06-07,BUY,DEVYANI.NS,1,170.85,170.87,2024-06-07,170.85,0.0,0
2024-06-19,SELL,HINDZINC.NS,1,600.77,600.71,2024-05-13,482.43,24.53,37
2024-06-19,BUY,GMRAIRPORT.NS,6,98.6,591.66,2024-06-19,98.6,0.0,0
2024-06-24,SELL,HINDUNILVR.NS,2079,2363.37,4912946.29,2024-06-05,2435.29,-2.95,19
2024-06-24,SELL,HEROMOTOCO.NS,376,5043.69,1896238.07,2024-06-06,5291.76,-4.69,18
2024-06-24,BUY,JSWENERGY.NS,3171,724.66,2298132.7,2024-06-24,724.66,0.0,0
2024-06-24,BUY,RAILTEL.NS,3847,466.37,1794290.6,2024-06-24,466.37,0.0,0
2024-06-24,BUY,LTM.NS,548,4951.3,2713581.43,2024-06-24,4951.3,0.0,0
2024-06-24,BUY,KALYANKJIL.NS,7,450.17,3151.51,2024-06-24,450.17,0.0,0
2024-06-25,BUY,SUZLON.NS,1,55.15,55.16,2024-06-25,55.15,0.0,0
2024-06-26,SELL,DEVYANI.NS,1,166.93,166.91,2024-06-07,170.85,-2.29,19
2024-06-26,BUY,CUB.NS,1,125.16,125.17,2024-06-26,125.16,0.0,0
2024-06-28,BUY,IDEA.NS,2,19.1,38.2,2024-06-28,19.1,0.0,0
2024-07-01,SELL,POLYCAB.NS,432,6681.68,2886196.08,2024-05-13,6205.55,7.67,49
2024-07-01,BUY,RELIANCE.NS,1869,1543.91,2885850.06,2024-07-01,1543.91,0.0,0
2024-07-02,BUY,LTF.NS,1,187.34,187.36,2024-07-02,187.34,0.0,0
2024-07-05,BUY,NBCC.NS,1,123.02,123.03,2024-07-05,123.02,0.0,0
2024-07-08,BUY,YESBANK.NS,1,26.95,26.95,2024-07-08,26.95,0.0,0
2024-07-09,SELL,IDEA.NS,2,16.61,33.22,2024-06-28,19.1,-13.04,11
2024-07-11,SELL,M&M.NS,80,2735.97,218855.62,2024-05-15,2246.67,21.78,57
2024-07-11,SELL,LTF.NS,1,175.79,175.78,2024-07-02,187.34,-6.16,9
2024-07-11,BUY,INDIACEM.NS,735,297.85,218941.65,2024-07-11,297.85,0.0,0
2024-07-11,BUY,NHPC.NS,1,104.3,104.31,2024-07-11,104.3,0.0,0
2024-07-12,SELL,CUB.NS,1,119.63,119.62,2024-06-26,125.16,-4.41,16
2024-07-12,BUY,SJVN.NS,1,147.4,147.42,2024-07-12,147.4,0.0,0
2024-07-18,SELL,JSWENERGY.NS,3171,704.81,2234723.29,2024-06-24,724.66,-2.74,24
2024-07-18,BUY,COALINDIA.NS,4931,453.1,2234476.33,2024-07-18,453.1,0.0,0
2024-07-18,BUY,IGL.NS,1,258.92,258.95,2024-07-18,258.92,0.0,0
2024-07-19,SELL,GMRAIRPORT.NS,6,95.93,575.52,2024-06-19,98.6,-2.71,30
2024-07-19,BUY,INDUSTOWER.NS,1,421.15,421.19,2024-07-19,421.15,0.0,0
2024-07-19,BUY,TTML.NS,1,98.85,98.86,2024-07-19,98.85,0.0,0
2024-07-22,SELL,NBCC.NS,1,111.49,111.48,2024-07-05,123.02,-9.37,17
2024-07-22,SELL,YESBANK.NS,1,25.9,25.9,2024-07-08,26.95,-3.9,14
2024-07-22,SELL,NHPC.NS,1,100.83,100.82,2024-07-11,104.3,-3.33,11
2024-07-22,SELL,SJVN.NS,1,135.03,135.02,2024-07-12,147.4,-8.39,10
2024-07-22,SELL,COALINDIA.NS,4931,429.06,2115468.42,2024-07-18,453.1,-5.31,4
2024-07-23,SELL,RELIANCE.NS,1869,1483.11,2771664.33,2024-07-01,1543.91,-3.94,22
2024-07-23,BUY,DRREDDY.NS,3632,1345.47,4887224.49,2024-07-23,1345.47,0.0,0
2024-07-23,BUY,WELSPUNLIV.NS,3,176.88,530.69,2024-07-23,176.88,0.0,0
2024-07-24,SELL,RAILTEL.NS,3847,486.98,1873242.51,2024-06-24,466.37,4.42,30
2024-07-24,BUY,HCLTECH.NS,1260,1486.19,1872783.66,2024-07-24,1486.19,0.0,0
2024-07-24,BUY,FEDERALBNK.NS,3,194.66,584.04,2024-07-24,194.66,0.0,0
2024-08-05,SELL,DABUR.NS,4,602.58,2410.08,2024-06-06,585.62,2.9,60
2024-08-05,SELL,LTM.NS,548,5104.69,2797090.17,2024-06-24,4951.3,3.1,42
2024-08-05,BUY,ETERNAL.NS,9785,254.0,2485638.54,2024-08-05,254.0,0.0,0
2024-08-05,BUY,PAYTM.NS,610,513.85,313479.83,2024-08-05,513.85,0.0,0
2024-08-05,BUY,IEX.NS,2,184.61,369.26,2024-08-05,184.61,0.0,0
2024-08-06,SELL,IGL.NS,1,252.54,252.51,2024-07-18,258.92,-2.47,19
2024-08-06,SELL,INDUSTOWER.NS,1,418.05,418.01,2024-07-19,421.15,-0.74,18
2024-08-06,SELL,TTML.NS,1,93.47,93.46,2024-07-19,98.85,-5.44,18
2024-08-06,SELL,WELSPUNLIV.NS,3,173.91,521.69,2024-07-23,176.88,-1.68,14
2024-08-06,SELL,HCLTECH.NS,1260,1457.28,1835994.3,2024-07-24,1486.19,-1.94,13
2024-08-06,SELL,FEDERALBNK.NS,3,191.69,575.03,2024-07-24,194.66,-1.52,13
2024-08-07,BUY,PATANJALI.NS,3153,582.82,1837802.21,2024-08-07,582.82,0.0,0
2024-08-08,BUY,AWL.NS,1,387.1,387.14,2024-08-08,387.1,0.0,0
2024-08-09,SELL,KALYANKJIL.NS,7,535.43,3747.66,2024-06-24,450.17,18.94,46
2024-08-09,BUY,ZYDUSLIFE.NS,2,1279.25,2558.75,2024-08-09,1279.25,0.0,0
2024-08-09,BUY,BLS.NS,2,400.12,800.32,2024-08-09,400.12,0.0,0
2024-08-09,BUY,PPLPHARMA.NS,2,186.13,372.3,2024-08-09,186.13,0.0,0
2024-08-14,SELL,ZYDUSLIFE.NS,2,1174.35,2348.46,2024-08-09,1279.25,-8.2,5
2024-08-14,BUY,AUROPHARMA.NS,1,1501.26,1501.41,2024-08-14,1501.26,0.0,0
2024-08-14,BUY,BALRAMCHIN.NS,1,508.06,508.11,2024-08-14,508.06,0.0,0
2024-08-16,SELL,DRREDDY.NS,3632,1357.6,4930309.73,2024-07-23,1345.47,0.9,24
2024-08-16,SELL,IEX.NS,2,178.97,357.91,2024-08-05,184.61,-3.05,11
2024-08-16,SELL,AWL.NS,1,356.8,356.76,2024-08-08,387.1,-7.83,8
2024-08-16,SELL,BLS.NS,2,364.96,729.84,2024-08-09,400.12,-8.79,7
2024-08-16,BUY,GRAVITA.NS,941,1964.13,1848434.36,2024-08-16,1964.13,0.0,0
2024-08-16,BUY,SARDAEN.NS,5801,327.23,1898461.44,2024-08-16,327.23,0.0,0
2024-08-19,BUY,TCS.NS,287,4129.9,1185399.2,2024-08-19,4129.9,0.0,0
2024-08-19,BUY,PCBL.NS,1,395.18,395.22,2024-08-19,395.18,0.0,0
2024-08-30,SELL,ETERNAL.NS,9785,253.5,2480249.45,2024-08-05,254.0,-0.2,25
2024-08-30,BUY,BAJFINANCE.NS,3528,702.77,2479615.43,2024-08-30,702.77,0.0,0
2024-09-02,BUY,INDUSTOWER.NS,1,460.0,460.05,2024-09-02,460.0,0.0,0
2024-09-03,SELL,SUZLON.NS,1,73.81,73.8,2024-06-25,55.15,33.83,70
2024-09-04,BUY,JMFINANCIL.NS,2,111.53,223.08,2024-09-04,111.53,0.0,0
2024-09-09,SELL,INDUSTOWER.NS,1,420.95,420.91,2024-09-02,460.0,-8.49,7
2024-09-09,BUY,AADHARHFC.NS,1,444.45,444.49,2024-09-09,444.45,0.0,0
2024-09-10,SELL,AUROPHARMA.NS,1,1522.29,1522.13,2024-08-14,1501.26,1.4,27
2024-09-10,SELL,BALRAMCHIN.NS,1,551.77,551.71,2024-08-14,508.06,8.6,27
2024-09-10,BUY,VOLTAS.NS,1,1814.14,1814.32,2024-09-10,1814.14,0.0,0
2024-09-10,BUY,IEX.NS,1,204.91,204.93,2024-09-10,204.91,0.0,0
2024-09-12,SELL,INDIACEM.NS,735,363.6,267219.28,2024-07-11,297.85,22.07,63
2024-09-12,BUY,PNBHOUSING.NS,238,1119.3,266419.16,2024-09-12,1119.3,0.0,0
2024-09-12,BUY,BERGEPAINT.NS,1,616.86,616.92,2024-09-12,616.86,0.0,0
2024-09-13,BUY,INOXWIND.NS,1,249.0,249.02,2024-09-13,249.0,0.0,0
2024-09-16,SELL,PATANJALI.NS,3153,613.04,1932732.08,2024-08-07,582.82,5.19,40
2024-09-16,BUY,BAJAJFINSV.NS,1016,1901.07,1931684.17,2024-09-16,1901.07,0.0,0
2024-09-16,BUY,WIPRO.NS,4,259.19,1036.87,2024-09-16,259.19,0.0,0
2024-09-19,SELL,TCS.NS,287,4100.99,1176865.02,2024-08-19,4129.9,-0.7,31
2024-09-19,BUY,HDFCBANK.NS,1403,838.27,1176209.17,2024-09-19,838.27,0.0,0
2024-09-19,BUY,MOTHERSON.NS,4,136.4,545.66,2024-09-19,136.4,0.0,0
2024-09-20,BUY,RPOWER.NS,3,36.31,108.94,2024-09-20,36.31,0.0,0
2024-09-23,SELL,PNBHOUSING.NS,238,1003.59,238829.57,2024-09-12,1119.3,-10.34,11
2024-09-23,BUY,ETERNAL.NS,817,292.0,238587.86,2024-09-23,292.0,0.0,0
2024-09-23,BUY,DEVYANI.NS,1,209.88,209.9,2024-09-23,209.88,0.0,0
2024-09-25,SELL,IEX.NS,1,200.03,200.01,2024-09-10,204.91,-2.38,15
2024-09-25,BUY,NATIONALUM.NS,1,180.2,180.22,2024-09-25,180.2,0.0,0
2024-09-30,SELL,INOXWIND.NS,1,238.18,238.16,2024-09-13,249.0,-4.35,17
2024-09-30,BUY,GAIL.NS,1,217.41,217.43,2024-09-30,217.41,0.0,0
2024-10-01,SELL,VOLTAS.NS,1,1829.01,1828.83,2024-09-10,1814.14,0.82,21
2024-10-01,SELL,ETERNAL.NS,817,272.55,222651.07,2024-09-23,292.0,-6.66,8
2024-10-01,BUY,NTPC.NS,523,428.53,224143.7,2024-10-01,428.53,0.0,0
2024-10-03,SELL,AADHARHFC.NS,1,450.0,449.96,2024-09-09,444.45,1.25,24
2024-10-03,SELL,DEVYANI.NS,1,192.64,192.62,2024-09-23,209.88,-8.21,10
2024-10-03,BUY,INDGN.NS,1,717.6,717.67,2024-10-03,717.6,0.0,0
2024-10-03,BUY,JPPOWER.NS,18,19.35,348.33,2024-10-03,19.35,0.0,0
2024-10-04,SELL,GRAVITA.NS,941,2300.31,2164374.63,2024-08-16,1964.13,17.12,49
2024-10-04,SELL,BAJFINANCE.NS,3528,737.45,2601461.86,2024-08-30,702.77,4.93,35
2024-10-04,SELL,BERGEPAINT.NS,1,584.18,584.12,2024-09-12,616.86,-5.3,22
2024-10-04,SELL,WIPRO.NS,4,247.5,989.89,2024-09-16,259.19,-4.51,18
2024-10-04,SELL,HDFCBANK.NS,1403,826.08,1158879.77,2024-09-19,838.27,-1.45,15
2024-10-04,BUY,AMBER.NS,456,5159.95,2353172.58,2024-10-04,5159.95,0.0,0
2024-10-04,BUY,CEMPRO.NS,3672,638.73,2345654.05,2024-10-04,638.73,0.0,0
2024-10-04,BUY,PETRONET.NS,3602,340.73,1227423.42,2024-10-04,340.73,0.0,0
2024-10-07,SELL,BAJAJFINSV.NS,1016,1883.63,1913579.07,2024-09-16,1901.07,-0.92,21
2024-10-07,SELL,MOTHERSON.NS,4,132.68,530.65,2024-09-19,136.4,-2.73,18
2024-10-07,BUY,BSE.NS,1313,1392.28,1828240.53,2024-10-07,1392.28,0.0,0
2024-10-08,SELL,PAYTM.NS,610,657.25,400882.41,2024-08-05,513.85,27.91,64
2024-10-08,SELL,PPLPHARMA.NS,2,217.86,435.67,2024-08-09,186.13,17.05,60
2024-10-08,SELL,PCBL.NS,1,485.27,485.22,2024-08-19,395.18,22.8,50
2024-10-08,SELL,GAIL.NS,1,206.46,206.44,2024-09-30,217.41,-5.03,8
2024-10-08,SELL,NTPC.NS,523,397.78,208020.03,2024-10-01,428.53,-7.17,7
2024-10-08,SELL,INDGN.NS,1,642.9,642.83,2024-10-03,717.6,-10.41,5
2024-10-09,BUY,TRENT.NS,86,8072.4,694296.19,2024-10-09,8072.4,0.0,0
2024-10-09,BUY,LALPATHLAB.NS,1,1764.76,1764.93,2024-10-09,1764.76,0.0,0
2024-10-11,BUY,EIHOTEL.NS,1,430.79,430.83,2024-10-11,430.79,0.0,0
2024-10-15,SELL,LALPATHLAB.NS,1,1687.33,1687.16,2024-10-09,1764.76,-4.39,6
2024-10-15,BUY,CDSL.NS,1,1586.07,1586.23,2024-10-15,1586.07,0.0,0
2024-10-16,BUY,ANGELONE.NS,1,305.93,305.96,2024-10-16,305.93,0.0,0
2024-10-18,SELL,RPOWER.NS,3,40.51,121.52,2024-09-20,36.31,11.57,28
2024-10-18,SELL,TRENT.NS,86,7704.16,662491.6,2024-10-09,8072.4,-4.56,9
2024-10-21,SELL,PETRONET.NS,3602,325.35,1171787.24,2024-10-04,340.73,-4.51,17
2024-10-21,SELL,EIHOTEL.NS,1,398.32,398.28,2024-10-11,430.79,-7.54,10
2024-10-21,BUY,DIXON.NS,118,15463.12,1824830.5,2024-10-21,15463.12,0.0,0
2024-10-21,BUY,MCX.NS,7,1324.07,9269.44,2024-10-21,1324.07,0.0,0
2024-10-21,BUY,USHAMART.NS,2,429.47,859.02,2024-10-21,429.47,0.0,0
2024-10-22,SELL,JPPOWER.NS,18,19.12,344.13,2024-10-03,19.35,-1.19,19
2024-10-22,SELL,CEMPRO.NS,3672,567.1,2082173.64,2024-10-04,638.73,-11.21,18
2024-10-23,SELL,SARDAEN.NS,5801,458.85,2661513.1,2024-08-16,327.23,40.22,68
2024-10-23,SELL,JMFINANCIL.NS,2,134.01,268.0,2024-09-04,111.53,20.16,49
2024-10-23,SELL,BSE.NS,1313,1365.69,1792975.13,2024-10-07,1392.28,-1.91,16
2024-10-23,SELL,CDSL.NS,1,1452.85,1452.71,2024-10-15,1586.07,-8.4,8
2024-10-24,BUY,MFSL.NS,2983,1259.2,3756569.07,2024-10-24,1259.2,0.0,0
2024-10-24,BUY,TARIL.NS,5338,434.32,2318631.21,2024-10-24,434.32,0.0,0
2024-10-25,BUY,COFORGE.NS,306,1519.5,465012.41,2024-10-25,1519.5,0.0,0
2024-10-28,SELL,ANGELONE.NS,1,274.7,274.68,2024-10-16,305.93,-10.21,12
2024-10-28,SELL,DIXON.NS,118,14093.73,1662893.57,2024-10-21,15463.12,-8.86,7
2024-10-28,SELL,USHAMART.NS,2,384.77,769.47,2024-10-21,429.47,-10.41,7
2024-10-29,BUY,FSL.NS,4653,357.59,1664045.55,2024-10-29,357.59,0.0,0
2024-10-30,BUY,CUB.NS,2,131.4,262.83,2024-10-30,131.4,0.0,0
2024-11-07,SELL,MFSL.NS,2983,1230.0,3668723.09,2024-10-24,1259.2,-2.32,14
2024-11-07,BUY,ADANIENSOL.NS,2699,1006.2,2716005.41,2024-11-07,1006.2,0.0,0
2024-11-07,BUY,ECLERX.NS,588,1619.54,952387.56,2024-11-07,1619.54,0.0,0
2024-11-08,SELL,ADANIENSOL.NS,2699,965.0,2604274.55,2024-11-07,1006.2,-4.09,1
2024-11-08,BUY,APOLLOHOSP.NS,353,7360.41,2598483.49,2024-11-08,7360.41,0.0,0
2024-11-08,BUY,COROMANDEL.NS,3,1758.63,5276.42,2024-11-08,1758.63,0.0,0
2024-11-08,BUY,WELCORP.NS,1,794.71,794.79,2024-11-08,794.71,0.0,0
2024-11-12,SELL,MCX.NS,7,1279.11,8952.91,2024-10-21,1324.07,-3.4,22
2024-11-13,SELL,NATIONALUM.NS,1,206.47,206.45,2024-09-25,180.2,14.58,49
2024-11-13,SELL,APOLLOHOSP.NS,353,6942.04,2450295.75,2024-11-08,7360.41,-5.68,5
2024-11-13,SELL,WELCORP.NS,1,724.14,724.07,2024-11-08,794.71,-8.88,5
2024-11-14,SELL,TARIL.NS,5338,422.6,2255611.73,2024-10-24,434.32,-2.7,21
2024-11-14,SELL,FSL.NS,4653,341.19,1587383.26,2024-10-29,357.59,-4.59,16
2024-11-14,SELL,CUB.NS,2,126.8,253.58,2024-10-30,131.4,-3.5,15
2024-11-25,BUY,PAYTM.NS,2715,913.8,2481215.06,2024-11-25,913.8,0.0,0
2024-11-25,BUY,NATIONALUM.NS,10833,239.65,2596438.4,2024-11-25,239.65,0.0,0
2024-11-25,BUY,POWERGRID.NS,3782,327.2,1237610.18,2024-11-25,327.2,0.0,0
2024-11-29,SELL,AMBER.NS,456,6020.0,2744845.49,2024-10-04,5159.95,16.67,56
2024-11-29,BUY,POLYCAB.NS,384,7135.57,2740332.81,2024-11-29,7135.57,0.0,0
2024-11-29,BUY,BIOCON.NS,12,360.92,4331.44,2024-11-29,360.92,0.0,0
2024-11-29,BUY,KARURVYSYA.NS,1,197.19,197.21,2024-11-29,197.19,0.0,0
2024-12-05,SELL,POWERGRID.NS,3782,311.08,1176372.2,2024-11-25,327.2,-4.93,10
2024-12-05,BUY,HDFCBANK.NS,1282,917.6,1176476.83,2024-12-05,917.6,0.0,0
2024-12-13,SELL,NATIONALUM.NS,10833,216.31,2343011.73,2024-11-25,239.65,-9.74,18
2024-12-13,SELL,BIOCON.NS,12,355.52,4265.87,2024-11-29,360.92,-1.49,14
2024-12-13,BUY,LODHA.NS,1646,1425.25,2346199.46,2024-12-13,1425.25,0.0,0
2024-12-13,BUY,CHALET.NS,1,1008.53,1008.63,2024-12-13,1008.53,0.0,0
2024-12-13,BUY,RPOWER.NS,1,46.6,46.6,2024-12-13,46.6,0.0,0
2024-12-18,SELL,KARURVYSYA.NS,1,191.83,191.81,2024-11-29,197.19,-2.72,19
2024-12-19,SELL,HDFCBANK.NS,1282,887.8,1138045.26,2024-12-05,917.6,-3.25,14
2024-12-19,BUY,WIPRO.NS,3963,287.17,1138179.21,2024-12-19,287.17,0.0,0
2024-12-23,SELL,ECLERX.NS,588,1818.5,1069168.16,2024-11-07,1619.54,12.28,46
2024-12-23,SELL,POLYCAB.NS,384,7140.04,2741502.96,2024-11-29,7135.57,0.06,24
2024-12-30,SELL,RPOWER.NS,1,43.0,43.0,2024-12-13,46.6,-7.73,17
2025-01-01,SELL,LODHA.NS,1646,1377.46,2267071.78,2024-12-13,1425.25,-3.35,19
2025-01-01,SELL,WIPRO.NS,3963,281.22,1114364.19,2024-12-19,287.17,-2.07,13
2025-01-03,BUY,M&M.NS,1511,3189.38,4819629.69,2025-01-03,3189.38,0.0,0
2025-01-03,BUY,BAJFINANCE.NS,3241,734.44,2380568.14,2025-01-03,734.44,0.0,0
2025-01-07,SELL,PAYTM.NS,2715,972.0,2638716.1,2024-11-25,913.8,6.37,43
2025-01-07,SELL,CHALET.NS,1,956.89,956.79,2024-12-13,1008.53,-5.12,25
2025-01-10,SELL,COFORGE.NS,306,1853.53,567122.42,2024-10-25,1519.5,21.98,77
2025-01-14,SELL,COROMANDEL.NS,3,1782.42,5346.73,2024-11-08,1758.63,1.35,67
2025-01-14,SELL,M&M.NS,1511,2976.09,4496422.05,2025-01-03,3189.38,-6.69,11
2025-03-06,SELL,BAJFINANCE.NS,3241,831.37,2694200.84,2025-01-03,734.44,13.2,62
2025-04-22,BUY,KOTAKBANK.NS,9627,449.28,4325670.3,2025-04-22,449.28,0.0,0
2025-04-22,BUY,SBIN.NS,5510,790.73,4357375.92,2025-04-22,790.73,0.0,0
2025-04-22,BUY,INDIGO.NS,340,5492.72,1867710.89,2025-04-22,5492.72,0.0,0
2025-04-22,BUY,IDFCFIRSTB.NS,23,66.79,1536.36,2025-04-22,66.79,0.0,0
2025-05-06,SELL,KOTAKBANK.NS,9627,416.72,4011358.0,2025-04-22,449.28,-7.25,14
2025-05-06,BUY,MAZDOCK.NS,616,3090.76,1904101.44,2025-05-06,3090.76,0.0,0
2025-05-06,BUY,HAL.NS,463,4548.76,2106285.92,2025-05-06,4548.76,0.0,0
2025-05-06,BUY,BPCL.NS,3,301.39,904.25,2025-05-06,301.39,0.0,0
2025-05-07,SELL,SBIN.NS,5510,736.95,4060199.41,2025-04-22,790.73,-6.8,15
2025-05-07,BUY,CHAMBLFERT.NS,4509,697.79,3146642.72,2025-05-07,697.79,0.0,0
2025-05-07,BUY,CCL.NS,1382,660.85,913387.83,2025-05-07,660.85,0.0,0
2025-05-09,SELL,INDIGO.NS,340,4963.61,1687459.37,2025-04-22,5492.72,-9.63,17
2025-05-09,BUY,KPRMILL.NS,1474,1144.41,1687030.64,2025-05-09,1144.41,0.0,0
2025-05-13,BUY,TATASTEEL.NS,4,145.53,582.2,2025-05-13,145.53,0.0,0
2025-05-14,SELL,CHAMBLFERT.NS,4509,644.47,2905643.83,2025-05-07,697.79,-7.64,7
2025-05-14,BUY,BEL.NS,8627,336.78,2905705.86,2025-05-14,336.78,0.0,0
2025-05-16,BUY,IRB.NS,2,25.52,51.05,2025-05-16,25.52,0.0,0
2025-05-22,SELL,IDFCFIRSTB.NS,23,66.43,1527.8,2025-04-22,66.79,-0.54,30
2025-05-22,BUY,TATATECH.NS,2,745.2,1490.54,2025-05-22,745.2,0.0,0
2025-05-22,BUY,TRIDENT.NS,1,32.23,32.23,2025-05-22,32.23,0.0,0
2025-06-02,SELL,KPRMILL.NS,1474,1117.54,1647092.61,2025-05-09,1144.41,-2.35,24
2025-06-02,BUY,BSE.NS,612,2690.0,1646444.63,2025-06-02,2690.0,0.0,0
2025-06-02,BUY,SUZLON.NS,9,72.2,649.86,2025-06-02,72.2,0.0,0
2025-06-04,SELL,BPCL.NS,3,290.73,872.11,2025-05-06,301.39,-3.53,29
2025-06-04,BUY,CAMS.NS,1,826.3,826.38,2025-06-04,826.3,0.0,0
2025-06-10,BUY,MAHABANK.NS,1,55.38,55.39,2025-06-10,55.38,0.0,0
2025-06-12,SELL,MAZDOCK.NS,616,3293.4,2028533.56,2025-05-06,3090.76,6.56,37
2025-06-12,BUY,HCLTECH.NS,1226,1654.15,2028195.75,2025-06-12,1654.15,0.0,0
2025-06-12,BUY,GAIL.NS,1,195.16,195.18,2025-06-12,195.16,0.0,0
2025-06-13,SELL,TATASTEEL.NS,4,146.77,587.03,2025-05-13,145.53,0.85,31
2025-06-13,SELL,IRB.NS,2,24.35,48.69,2025-05-16,25.52,-4.59,28
2025-06-13,BUY,NAVA.NS,1,536.83,536.88,2025-06-13,536.83,0.0,0
2025-06-16,SELL,TATATECH.NS,2,745.0,1489.85,2025-05-22,745.2,-0.03,25
2025-06-16,SELL,TRIDENT.NS,1,30.09,30.08,2025-05-22,32.23,-6.64,25
2025-06-16,SELL,SUZLON.NS,9,64.5,580.44,2025-06-02,72.2,-10.66,14
2025-06-16,SELL,CAMS.NS,1,783.34,783.26,2025-06-04,826.3,-5.2,12
2025-06-16,SELL,GAIL.NS,1,185.61,185.59,2025-06-12,195.16,-4.89,4
2025-06-16,BUY,SCI.NS,14,221.47,3100.94,2025-06-16,221.47,0.0,0
2025-06-16,BUY,ZEEL.NS,1,135.65,135.67,2025-06-16,135.65,0.0,0
2025-06-17,SELL,CCL.NS,1382,801.85,1108040.46,2025-05-07,660.85,21.34,41
2025-06-17,BUY,DLF.NS,1297,854.0,1107753.28,2025-06-17,854.0,0.0,0
2025-06-17,BUY,ONGC.NS,1,243.75,243.77,2025-06-17,243.75,0.0,0
2025-06-18,SELL,BSE.NS,612,2525.0,1545145.47,2025-06-02,2690.0,-6.13,16
2025-06-18,BUY,INFY.NS,988,1562.74,1544143.27,2025-06-18,1562.74,0.0,0
2025-06-19,BUY,AUBANK.NS,1,797.52,797.6,2025-06-19,797.52,0.0,0
2025-06-20,SELL,HAL.NS,463,4853.2,2246804.74,2025-05-06,4548.76,6.69,45
2025-06-20,SELL,MAHABANK.NS,1,52.0,52.0,2025-06-10,55.38,-6.1,10
2025-06-20,SELL,ZEEL.NS,1,124.73,124.72,2025-06-16,135.65,-8.05,4
2025-06-23,BUY,BHARTIARTL.NS,1174,1914.0,2247259.68,2025-06-23,1914.0,0.0,0
2025-06-23,BUY,SWIGGY.NS,2,385.85,771.78,2025-06-23,385.85,0.0,0
2025-06-24,SELL,INFY.NS,988,1543.46,1524786.46,2025-06-18,1562.74,-1.23,6
2025-06-24,BUY,GRSE.NS,436,3490.48,1522003.46,2025-06-24,3490.48,0.0,0
2025-06-24,BUY,BEML.NS,1,2393.22,2393.46,2025-06-24,2393.22,0.0,0
2025-06-24,BUY,ZEEL.NS,5,146.72,733.68,2025-06-24,146.72,0.0,0
2025-06-25,SELL,ONGC.NS,1,231.47,231.45,2025-06-17,243.75,-5.04,8
2025-06-25,BUY,RBLBANK.NS,1,236.64,236.66,2025-06-25,236.64,0.0,0
2025-06-26,SELL,GRSE.NS,436,3005.89,1310436.1,2025-06-24,3490.48,-13.88,2
2025-06-26,BUY,TITAN.NS,359,3644.03,1308338.82,2025-06-26,3644.03,0.0,0
2025-06-26,BUY,WIPRO.NS,8,257.27,2058.34,2025-06-26,257.27,0.0,0
2025-07-02,BUY,JPPOWER.NS,3,19.28,57.85,2025-07-02,19.28,0.0,0
2025-07-03,SELL,DLF.NS,1297,825.86,1071032.52,2025-06-17,854.0,-3.3,16
2025-07-03,BUY,TATASTEEL.NS,6584,162.65,1070967.0,2025-07-03,162.65,0.0,0
2025-07-08,SELL,SWIGGY.NS,2,378.15,756.22,2025-06-23,385.85,-2.0,15
2025-07-08,BUY,DABUR.NS,1,504.75,504.8,2025-07-08,504.75,0.0,0
2025-07-08,BUY,CESC.NS,1,175.6,175.62,2025-07-08,175.6,0.0,0
2025-07-09,SELL,TITAN.NS,359,3441.3,1235303.17,2025-06-26,3644.03,-5.56,13
2025-07-09,BUY,ULTRACEMCO.NS,100,12331.83,1233306.56,2025-07-09,12331.83,0.0,0
2025-07-09,BUY,NATCOPHARM.NS,2,971.85,1943.9,2025-07-09,971.85,0.0,0
2025-07-09,BUY,LEMONTREE.NS,1,146.06,146.07,2025-07-09,146.06,0.0,0
2025-07-09,BUY,MSUMI.NS,1,43.26,43.26,2025-07-09,43.26,0.0,0
2025-07-10,SELL,HCLTECH.NS,1226,1606.21,1969013.67,2025-06-12,1654.15,-2.9,28
2025-07-10,BUY,FORCEMOT.NS,118,16653.23,1965278.06,2025-07-10,16653.23,0.0,0
2025-07-10,BUY,CUMMINSIND.NS,1,3495.98,3496.32,2025-07-10,3495.98,0.0,0
2025-07-10,BUY,IEX.NS,1,202.33,202.35,2025-07-10,202.33,0.0,0
2025-07-11,SELL,BHARTIARTL.NS,1174,1925.9,2260780.08,2025-06-23,1914.0,0.62,18
2025-07-11,BUY,NYKAA.NS,10441,216.51,2260806.91,2025-07-11,216.51,0.0,0
2025-07-14,SELL,BEL.NS,8627,402.85,3475009.18,2025-05-14,336.78,19.62,61
2025-07-14,SELL,BEML.NS,1,2243.17,2242.95,2025-06-24,2393.22,-6.27,20
2025-07-14,SELL,ZEEL.NS,5,134.1,670.41,2025-06-24,146.72,-8.6,20
2025-07-14,SELL,WIPRO.NS,8,246.94,1975.34,2025-06-26,257.27,-4.01,18
2025-07-14,BUY,ITCHOTELS.NS,14977,232.33,3479905.66,2025-07-14,232.33,0.0,0
2025-07-15,SELL,SCI.NS,14,206.33,2888.33,2025-06-16,221.47,-6.84,29
2025-07-15,BUY,PAYTM.NS,3,961.0,2883.29,2025-07-15,961.0,0.0,0
2025-07-16,SELL,TATASTEEL.NS,6584,155.79,1025600.52,2025-07-03,162.65,-4.22,13
2025-07-16,BUY,AMBER.NS,130,7869.5,1023137.3,2025-07-16,7869.5,0.0,0
2025-07-16,BUY,BIOCON.NS,6,399.5,2397.24,2025-07-16,399.5,0.0,0
2025-07-17,SELL,AUBANK.NS,1,797.75,797.67,2025-06-19,797.52,0.03,28
2025-07-17,BUY,SBIN.NS,1,823.56,823.64,2025-07-17,823.56,0.0,0
2025-07-22,SELL,IEX.NS,1,191.57,191.55,2025-07-10,202.33,-5.32,12
2025-07-22,BUY,PARADEEP.NS,1,189.13,189.15,2025-07-22,189.13,0.0,0
2025-07-23,SELL,JPPOWER.NS,3,21.8,65.39,2025-07-02,19.28,13.07,21
2025-07-24,SELL,MSUMI.NS,1,41.8,41.8,2025-07-09,43.26,-3.37,15
2025-07-24,SELL,AMBER.NS,130,7315.0,950854.9,2025-07-16,7869.5,-7.05,8
2025-07-24,BUY,ICICIBANK.NS,644,1476.31,950837.83,2025-07-24,1476.31,0.0,0
2025-07-24,BUY,JMFINANCIL.NS,1,175.66,175.68,2025-07-24,175.66,0.0,0
2025-07-25,SELL,CESC.NS,1,169.31,169.3,2025-07-08,175.6,-3.58,17
2025-07-25,SELL,ULTRACEMCO.NS,100,12245.0,1224377.55,2025-07-09,12331.83,-0.7,16
2025-07-25,BUY,JINDALSTEL.NS,1224,999.97,1224081.13,2025-07-25,999.97,0.0,0
2025-07-25,BUY,CGCL.NS,2,186.3,372.64,2025-07-25,186.3,0.0,0
2025-07-28,SELL,NATCOPHARM.NS,2,964.39,1928.6,2025-07-09,971.85,-0.77,19
2025-07-28,SELL,NYKAA.NS,10441,211.0,2202830.69,2025-07-11,216.51,-2.54,17
2025-07-28,SELL,SBIN.NS,1,792.27,792.19,2025-07-17,823.56,-3.8,11
2025-07-28,BUY,TORNTPHARM.NS,614,3589.9,2204420.18,2025-07-28,3589.9,0.0,0
2025-07-28,BUY,SYRMA.NS,1,730.2,730.27,2025-07-28,730.2,0.0,0
2025-07-29,SELL,NAVA.NS,1,591.73,591.67,2025-06-13,536.83,10.23,46
2025-07-29,SELL,RBLBANK.NS,1,252.63,252.61,2025-06-25,236.64,6.76,34
2025-07-29,SELL,ITCHOTELS.NS,14977,232.98,3489028.89,2025-07-14,232.33,0.28,15
2025-07-29,SELL,JMFINANCIL.NS,1,158.88,158.87,2025-07-24,175.66,-9.55,5
2025-07-29,BUY,CIPLA.NS,2253,1548.87,3489951.43,2025-07-29,1548.87,0.0,0
2025-07-30,SELL,LEMONTREE.NS,1,150.39,150.37,2025-07-09,146.06,2.96,21
2025-07-30,BUY,SYNGENE.NS,1,711.85,711.92,2025-07-30,711.85,0.0,0
2025-08-04,SELL,FORCEMOT.NS,118,16670.2,1966886.6,2025-07-10,16653.23,0.1,25
2025-08-04,SELL,BIOCON.NS,6,383.1,2298.37,2025-07-16,399.5,-4.11,19
2025-08-04,SELL,JINDALSTEL.NS,1224,946.22,1158060.96,2025-07-25,999.97,-5.37,10
2025-08-04,SELL,CGCL.NS,2,176.77,353.51,2025-07-25,186.3,-5.12,10
2025-08-04,SELL,CIPLA.NS,2253,1495.97,3370073.49,2025-07-29,1548.87,-3.42,6
2025-08-04,BUY,KAYNES.NS,473,6375.0,3015676.54,2025-08-04,6375.0,0.0,0
2025-08-04,BUY,NETWEB.NS,1155,2164.28,2499990.61,2025-08-04,2164.28,0.0,0
2025-08-04,BUY,RADICO.NS,342,2865.0,979927.98,2025-08-04,2865.0,0.0,0
2025-08-05,BUY,DELHIVERY.NS,4,460.45,1841.98,2025-08-05,460.45,0.0,0
2025-08-06,SELL,ICICIBANK.NS,644,1431.26,921636.96,2025-07-24,1476.31,-3.05,13
2025-08-06,BUY,VMM.NS,6281,146.75,921828.92,2025-08-06,146.75,0.0,0
2025-08-07,SELL,DABUR.NS,1,511.05,511.0,2025-07-08,504.75,1.25,30
2025-08-07,SELL,TORNTPHARM.NS,614,3459.56,2123955.06,2025-07-28,3589.9,-3.63,10
2025-08-07,SELL,SYNGENE.NS,1,672.0,671.93,2025-07-30,711.85,-5.6,8
2025-08-07,BUY,GODFRYPHLP.NS,579,3666.02,2122839.72,2025-08-07,3666.02,0.0,0
2025-08-08,BUY,FORTIS.NS,2,884.05,1768.28,2025-08-08,884.05,0.0,0
2025-08-11,SELL,SYRMA.NS,1,695.71,695.64,2025-07-28,730.2,-4.72,14
2025-08-11,SELL,KAYNES.NS,473,5821.5,2753294.14,2025-08-04,6375.0,-8.68,7
2025-08-11,SELL,VMM.NS,6281,140.0,879252.07,2025-08-06,146.75,-4.6,5
2025-08-11,BUY,KAJARIACER.NS,2047,1294.47,2650043.16,2025-08-11,1294.47,0.0,0
2025-08-11,BUY,PIDILITIND.NS,634,1549.5,982481.24,2025-08-11,1549.5,0.0,0
2025-08-12,BUY,HBLENGINE.NS,1,690.41,690.48,2025-08-12,690.41,0.0,0
2025-08-14,BUY,JMFINANCIL.NS,3,181.22,543.71,2025-08-14,181.22,0.0,0
2025-08-14,BUY,NSLNISP.NS,2,44.25,88.51,2025-08-14,44.25,0.0,0
2025-08-18,SELL,PARADEEP.NS,1,202.06,202.04,2025-07-22,189.13,6.84,27
2025-08-19,BUY,ASHOKLEY.NS,1,128.68,128.69,2025-08-19,128.68,0.0,0
2025-08-21,SELL,NETWEB.NS,1155,2062.5,2381950.4,2025-08-04,2164.28,-4.7,17
2025-08-21,BUY,ETERNAL.NS,7337,324.6,2381828.4,2025-08-21,324.6,0.0,0
2025-08-21,BUY,OLAELEC.NS,3,53.98,161.96,2025-08-21,53.98,0.0,0
2025-08-28,SELL,KAJARIACER.NS,2047,1213.07,2482905.31,2025-08-11,1294.47,-6.29,17
2025-08-28,SELL,NSLNISP.NS,2,38.2,76.39,2025-08-14,44.25,-13.67,14
2025-08-28,BUY,HINDUNILVR.NS,910,2726.57,2481423.71,2025-08-28,2726.57,0.0,0
2025-08-28,BUY,NYKAA.NS,6,232.8,1396.94,2025-08-28,232.8,0.0,0
2025-08-29,BUY,LEMONTREE.NS,1,171.44,171.46,2025-08-29,171.44,0.0,0
2025-09-01,SELL,PIDILITIND.NS,634,1534.4,972712.33,2025-08-11,1549.5,-0.97,21
2025-09-01,SELL,JMFINANCIL.NS,3,174.09,522.21,2025-08-14,181.22,-3.93,18
2025-09-02,BUY,HEROMOTOCO.NS,187,5188.86,970414.14,2025-09-02,5188.86,0.0,0
2025-09-02,BUY,CGPOWER.NS,4,721.46,2886.12,2025-09-02,721.46,0.0,0
2025-09-02,BUY,ABFRL.NS,1,83.61,83.62,2025-09-02,83.61,0.0,0
2025-09-03,SELL,GODFRYPHLP.NS,579,3336.18,1931456.65,2025-08-07,3666.02,-9.0,27
2025-09-03,BUY,SAMMAANCAP.NS,13928,138.66,1931449.66,2025-09-03,138.66,0.0,0
2025-09-03,BUY,IOB.NS,1,40.0,40.0,2025-09-03,40.0,0.0,0
2025-09-05,SELL,RADICO.NS,342,2847.0,973576.63,2025-08-04,2865.0,-0.63,32
2025-09-05,SELL,IOB.NS,1,38.04,38.04,2025-09-03,40.0,-4.9,2
2025-09-05,BUY,M&M.NS,277,3511.0,972644.25,2025-09-05,3511.0,0.0,0
2025-09-05,BUY,DABUR.NS,1,550.89,550.95,2025-09-05,550.89,0.0,0
2025-09-05,BUY,MSUMI.NS,9,44.43,399.91,2025-09-05,44.43,0.0,0
2025-09-10,SELL,DELHIVERY.NS,4,466.15,1864.41,2025-08-05,460.45,1.24,36
2025-09-10,BUY,IDFCFIRSTB.NS,25,73.53,1838.43,2025-09-10,73.53,0.0,0
2025-09-11,BUY,YESBANK.NS,2,20.88,41.76,2025-09-11,20.88,0.0,0
2025-09-15,SELL,HINDUNILVR.NS,910,2560.37,2329706.25,2025-08-28,2726.57,-6.1,18
2025-09-15,BUY,MARUTI.NS,151,15350.0,2318081.78,2025-09-15,15350.0,0.0,0
2025-09-15,BUY,GMDCLTD.NS,20,554.68,11094.69,2025-09-15,554.68,0.0,0
2025-09-15,BUY,MOTHERSON.NS,5,105.43,527.22,2025-09-15,105.43,0.0,0
2025-09-22,SELL,PAYTM.NS,3,1182.5,3547.15,2025-07-15,961.0,23.05,69
2025-09-22,BUY,NETWEB.NS,1,3340.0,3340.33,2025-09-22,3340.0,0.0,0
2025-09-22,BUY,ADANIPOWER.NS,1,148.2,148.21,2025-09-22,148.2,0.0,0
2025-09-22,BUY,IDEA.NS,7,8.5,59.51,2025-09-22,8.5,0.0,0
2025-09-23,SELL,HBLENGINE.NS,1,816.89,816.81,2025-08-12,690.41,18.32,42
2025-09-23,SELL,LEMONTREE.NS,1,169.99,169.97,2025-08-29,171.44,-0.85,25
2025-09-23,SELL,DABUR.NS,1,519.26,519.21,2025-09-05,550.89,-5.74,18
2025-09-23,SELL,IDFCFIRSTB.NS,25,70.92,1772.82,2025-09-10,73.53,-3.55,13
2025-09-23,BUY,BAJFINANCE.NS,3,999.0,2997.3,2025-09-23,999.0,0.0,0
2025-09-23,BUY,SCI.NS,1,220.97,220.99,2025-09-23,220.97,0.0,0
2025-09-24,BUY,NSLNISP.NS,1,47.1,47.1,2025-09-24,47.1,0.0,0
2025-09-25,SELL,OLAELEC.NS,3,56.85,170.53,2025-08-21,53.98,5.32,35
2025-09-25,SELL,NYKAA.NS,6,237.01,1421.92,2025-08-28,232.8,1.81,28
2025-09-25,BUY,NTPC.NS,4,343.76,1375.19,2025-09-25,343.76,0.0,0
2025-09-26,SELL,CUMMINSIND.NS,1,3962.98,3962.58,2025-07-10,3495.98,13.36,78
2025-09-26,SELL,FORTIS.NS,2,939.0,1877.81,2025-08-08,884.05,6.22,49
2025-09-26,SELL,ABFRL.NS,1,87.25,87.24,2025-09-02,83.61,4.35,24
2025-09-29,SELL,ETERNAL.NS,7337,326.95,2398592.36,2025-08-21,324.6,0.72,39
2025-09-29,SELL,CGPOWER.NS,4,740.72,2962.56,2025-09-02,721.46,2.67,27
2025-09-29,SELL,M&M.NS,277,3419.0,946968.29,2025-09-05,3511.0,-2.62,24
2025-09-29,BUY,EICHERMOT.NS,475,7049.0,3348609.83,2025-09-29,7049.0,0.0,0
2025-09-30,SELL,MSUMI.NS,9,46.44,417.92,2025-09-05,44.43,4.52,25
2025-09-30,BUY,SBIN.NS,7,854.55,5982.43,2025-09-30,854.55,0.0,0
2025-09-30,BUY,BPCL.NS,1,323.69,323.73,2025-09-30,323.69,0.0,0
2025-10-01,BUY,CANBK.NS,1,120.33,120.34,2025-10-01,120.33,0.0,0
2025-10-07,SELL,ASHOKLEY.NS,1,134.83,134.82,2025-08-19,128.68,4.78,49
2025-10-07,BUY,IOC.NS,1,148.29,148.3,2025-10-07,148.29,0.0,0
2025-10-08,SELL,MOTHERSON.NS,5,104.38,521.83,2025-09-15,105.43,-1.0,23
2025-10-08,BUY,IGL.NS,2,217.82,435.67,2025-10-08,217.82,0.0,0
2025-10-09,SELL,SCI.NS,1,213.21,213.19,2025-09-23,220.97,-3.51,16
2025-10-09,SELL,NSLNISP.NS,1,45.0,45.0,2025-09-24,47.1,-4.46,15
2025-10-09,SELL,NTPC.NS,4,328.51,1313.91,2025-09-25,343.76,-4.44,14
2025-10-09,BUY,NATIONALUM.NS,7,218.21,1527.63,2025-10-09,218.21,0.0,0
2025-10-13,BUY,PNB.NS,1,113.57,113.58,2025-10-13,113.57,0.0,0
2025-10-15,SELL,IDEA.NS,7,8.38,58.65,2025-09-22,8.5,-1.41,23
2025-10-15,SELL,BPCL.NS,1,319.12,319.09,2025-09-30,323.69,-1.41,15
2025-10-15,SELL,IGL.NS,2,207.86,415.67,2025-10-08,217.82,-4.57,7
2025-10-16,BUY,ETERNAL.NS,2,356.0,712.07,2025-10-16,356.0,0.0,0
2025-10-20,SELL,GMDCLTD.NS,20,572.15,11441.86,2025-09-15,554.68,3.15,35
2025-10-20,BUY,BHARTIARTL.NS,5,2026.0,10131.01,2025-10-20,2026.0,0.0,0
2025-10-20,BUY,M&MFIN.NS,4,301.6,1206.52,2025-10-20,301.6,0.0,0
2025-10-21,SELL,ETERNAL.NS,2,340.1,680.13,2025-10-16,356.0,-4.47,5
2025-10-21,BUY,RBLBANK.NS,2,326.2,652.47,2025-10-21,326.2,0.0,0
2025-10-21,BUY,IDFCFIRSTB.NS,3,77.25,231.77,2025-10-21,77.25,0.0,0
2025-10-24,SELL,NETWEB.NS,1,3743.7,3743.33,2025-09-22,3340.0,12.09,32
2025-10-24,SELL,EICHERMOT.NS,475,6894.0,3274322.54,2025-09-29,7049.0,-2.2,25
2025-10-24,SELL,IOC.NS,1,143.73,143.71,2025-10-07,148.29,-3.08,17
2025-10-24,BUY,KOTAKBANK.NS,7323,447.6,3278102.62,2025-10-24,447.6,0.0,0
2025-10-24,BUY,IDEA.NS,17,9.52,161.86,2025-10-24,9.52,0.0,0
2025-10-30,SELL,MARUTI.NS,151,16190.0,2444445.53,2025-09-15,15350.0,5.47,45
2025-10-30,BUY,ITC.NS,6080,401.99,2444367.87,2025-10-30,401.99,0.0,0
2025-10-31,SELL,HEROMOTOCO.NS,187,5409.07,1011394.82,2025-09-02,5188.86,4.24,59
2025-10-31,SELL,YESBANK.NS,2,22.27,44.54,2025-09-11,20.88,6.66,50
2025-10-31,SELL,KOTAKBANK.NS,7323,429.38,3144035.34,2025-10-24,447.6,-4.07,7
2025-10-31,SELL,IDEA.NS,17,8.73,148.4,2025-10-24,9.52,-8.3,7
2025-10-31,BUY,CHENNPETRO.NS,2306,871.84,2010671.69,2025-10-31,871.84,0.0,0
2025-10-31,BUY,POLICYBZR.NS,1166,1839.1,2144605.01,2025-10-31,1839.1,0.0,0
2025-10-31,BUY,BPCL.NS,1,341.08,341.12,2025-10-31,341.08,0.0,0
2025-11-03,SELL,ADANIPOWER.NS,1,158.99,158.97,2025-09-22,148.2,7.28,42
2025-11-03,SELL,BAJFINANCE.NS,3,1037.0,3110.69,2025-09-23,999.0,3.8,41
2025-11-03,BUY,IDBI.NS,32,104.2,3334.73,2025-11-03,104.2,0.0,0
2025-11-06,SELL,ITC.NS,6080,390.93,2376637.71,2025-10-30,401.99,-2.75,7
2025-11-06,BUY,TITAN.NS,628,3780.0,2374077.38,2025-11-06,3780.0,0.0,0
2025-11-06,BUY,AUBANK.NS,2,880.9,1761.98,2025-11-06,880.9,0.0,0
2025-11-06,BUY,CUB.NS,4,194.24,777.05,2025-11-06,194.24,0.0,0
2025-11-10,SELL,BHARTIARTL.NS,5,1995.0,9974.0,2025-10-20,2026.0,-1.53,21
2025-11-10,BUY,BSE.NS,3,2690.0,8070.81,2025-11-10,2690.0,0.0,0
2025-11-10,BUY,PAYTM.NS,1,1340.0,1340.13,2025-11-10,1340.0,0.0,0
2025-11-10,BUY,LTF.NS,2,300.9,601.86,2025-11-10,300.9,0.0,0
2025-11-12,SELL,SAMMAANCAP.NS,13928,177.8,2476150.8,2025-09-03,138.66,28.23,70
2025-11-12,BUY,M&M.NS,658,3761.0,2474985.47,2025-11-12,3761.0,0.0,0
2025-11-12,BUY,INDUSINDBK.NS,1,830.05,830.13,2025-11-12,830.05,0.0,0
2025-11-12,BUY,MRPL.NS,1,175.1,175.11,2025-11-12,175.1,0.0,0
2025-11-12,BUY,ASHOKLEY.NS,1,144.02,144.03,2025-11-12,144.02,0.0,0
2025-11-14,SELL,RBLBANK.NS,2,315.25,630.44,2025-10-21,326.2,-3.36,24
2025-11-14,SELL,POLICYBZR.NS,1166,1741.9,2030852.32,2025-10-31,1839.1,-5.29,14
2025-11-14,BUY,VEDL.NS,3911,519.33,2031290.34,2025-11-14,519.33,0.0,0
2025-11-14,BUY,BELRISE.NS,1,163.0,163.02,2025-11-14,163.0,0.0,0
2025-11-17,BUY,IDEA.NS,4,11.04,44.16,2025-11-17,11.04,0.0,0
2025-11-19,SELL,PAYTM.NS,1,1300.0,1299.87,2025-11-10,1340.0,-2.99,9
2025-11-19,BUY,FEDERALBNK.NS,5,245.3,1226.62,2025-11-19,245.3,0.0,0
2025-11-20,BUY,JPPOWER.NS,3,21.22,63.67,2025-11-20,21.22,0.0,0
2025-11-21,SELL,IDFCFIRSTB.NS,3,78.93,236.77,2025-10-21,77.25,2.17,31
2025-11-24,SELL,VEDL.NS,3911,489.97,1916069.85,2025-11-14,519.33,-5.65,10
2025-11-25,SELL,BPCL.NS,1,349.1,349.07,2025-10-31,341.08,2.35,25
2025-11-25,SELL,IDBI.NS,32,99.5,3183.68,2025-11-03,104.2,-4.51,22
2025-11-25,SELL,MRPL.NS,1,163.55,163.53,2025-11-12,175.1,-6.59,13
2025-11-25,BUY,EICHERMOT.NS,264,7258.5,1916435.62,2025-11-25,7258.5,0.0,0
2025-11-25,BUY,JYOTICNC.NS,3,1041.0,3123.31,2025-11-25,1041.0,0.0,0
2025-11-27,SELL,CHENNPETRO.NS,2306,900.52,2076382.55,2025-10-31,871.84,3.29,27
2025-11-27,BUY,RELIANCE.NS,1324,1567.75,2075910.29,2025-11-27,1567.75,0.0,0
2025-11-27,BUY,ABCAPITAL.NS,3,350.0,1050.1,2025-11-27,350.0,0.0,0
2025-11-28,SELL,JPPOWER.NS,3,19.04,57.11,2025-11-20,21.22,-10.27,8
2025-11-28,BUY,MOTHERSON.NS,2,116.28,232.58,2025-11-28,116.28,0.0,0
2025-12-01,SELL,IDEA.NS,4,10.0,40.0,2025-11-17,11.04,-9.42,14
2025-12-04,SELL,SBIN.NS,7,934.21,6538.82,2025-09-30,854.55,9.32,65
2025-12-04,SELL,PNB.NS,1,116.41,116.4,2025-10-13,113.57,2.51,52
2025-12-04,SELL,TITAN.NS,628,3805.0,2389301.05,2025-11-06,3780.0,0.66,28
2025-12-04,SELL,BSE.NS,3,2753.2,8258.77,2025-11-10,2690.0,2.35,24
2025-12-04,SELL,M&M.NS,658,3675.0,2417908.18,2025-11-12,3761.0,-2.29,22
2025-12-04,SELL,JYOTICNC.NS,3,966.4,2898.91,2025-11-25,1041.0,-7.17,9
2025-12-04,BUY,BSOFT.NS,6820,422.0,2878327.8,2025-12-04,422.0,0.0,0
2025-12-04,BUY,ECLERX.NS,793,2452.5,1945026.98,2025-12-04,2452.5,0.0,0
2025-12-05,BUY,HINDCOPPER.NS,4,362.32,1449.42,2025-12-05,362.32,0.0,0
2025-12-05,BUY,WIPRO.NS,1,251.7,251.73,2025-12-05,251.7,0.0,0
2025-12-08,SELL,BELRISE.NS,1,160.9,160.88,2025-11-14,163.0,-1.29,24
2025-12-09,SELL,CANBK.NS,1,138.0,137.98,2025-10-01,120.33,14.68,69
2025-12-09,SELL,CUB.NS,4,198.9,795.52,2025-11-06,194.24,2.4,33
2025-12-10,SELL,RELIANCE.NS,1324,1526.94,2021466.53,2025-11-27,1567.75,-2.6,13
2025-12-10,SELL,ECLERX.NS,793,2252.5,1786053.88,2025-12-04,2452.5,-8.15,6
2025-12-10,BUY,POLICYBZR.NS,1772,1957.3,3468682.52,2025-12-10,1957.3,0.0,0
2025-12-10,BUY,ANURAS.NS,260,1306.1,339619.95,2025-12-10,1306.1,0.0,0
2025-12-11,SELL,INDUSINDBK.NS,1,834.45,834.37,2025-11-12,830.05,0.53,29
2025-12-12,SELL,M&MFIN.NS,4,343.3,1373.06,2025-10-20,301.6,13.83,53
2025-12-12,BUY,IDEA.NS,226,11.26,2545.01,2025-12-12,11.26,0.0,0
2025-12-17,SELL,LTF.NS,2,297.93,595.81,2025-11-10,300.9,-0.99,37
2025-12-17,SELL,EICHERMOT.NS,264,7104.0,1875268.45,2025-11-25,7258.5,-2.13,22
2025-12-17,SELL,ABCAPITAL.NS,3,348.9,1046.6,2025-11-27,350.0,-0.31,20
2025-12-17,SELL,POLICYBZR.NS,1772,1812.7,3211783.1,2025-12-10,1957.3,-7.39,7
2025-12-17,BUY,KIRLOSENG.NS,1644,1234.83,2030256.49,2025-12-17,1234.83,0.0,0
2025-12-19,BUY,TECHM.NS,1898,1611.0,3057983.77,2025-12-19,1611.0,0.0,0
2025-12-19,BUY,NAM-INDIA.NS,1,895.0,895.09,2025-12-19,895.0,0.0,0
2025-12-23,BUY,M&MFIN.NS,1,396.0,396.04,2025-12-23,396.0,0.0,0
2025-12-24,BUY,NMDC.NS,2,79.97,159.95,2025-12-24,79.97,0.0,0
2025-12-29,SELL,NAM-INDIA.NS,1,871.05,870.96,2025-12-19,895.0,-2.68,10
2025-12-29,BUY,BELRISE.NS,4,180.0,720.07,2025-12-29,180.0,0.0,0
2025-12-29,BUY,NBCC.NS,1,125.69,125.7,2025-12-29,125.69,0.0,0
2025-12-31,SELL,BSOFT.NS,6820,425.9,2904347.49,2025-12-04,422.0,0.92,27
2025-12-31,BUY,HINDALCO.NS,3276,886.4,2904136.86,2025-12-31,886.4,0.0,0
2025-12-31,BUY,SAIL.NS,1,145.1,145.11,2025-12-31,145.1,0.0,0
2025-12-31,BUY,MAHABANK.NS,1,58.71,58.71,2025-12-31,58.71,0.0,0
2026-01-01,SELL,IDEA.NS,226,11.2,2530.95,2025-12-12,11.26,-0.53,20
2026-01-01,BUY,JWL.NS,7,341.4,2390.04,2026-01-01,341.4,0.0,0
2026-01-01,BUY,TATASTEEL.NS,1,176.95,176.97,2026-01-01,176.95,0.0,0
2026-01-07,SELL,FEDERALBNK.NS,5,256.7,1283.37,2025-11-19,245.3,4.65,49
2026-01-07,SELL,M&MFIN.NS,1,372.9,372.86,2025-12-23,396.0,-5.83,15
2026-01-07,BUY,ICICIBANK.NS,1,1408.0,1408.14,2026-01-07,1408.0,0.0,0
2026-01-07,BUY,IEX.NS,1,142.45,142.46,2026-01-07,142.45,0.0,0
2026-01-08,SELL,MOTHERSON.NS,2,117.63,235.25,2025-11-28,116.28,1.17,41
2026-01-08,SELL,NBCC.NS,1,115.85,115.84,2025-12-29,125.69,-7.83,10
2026-01-08,BUY,BANKBARODA.NS,1,297.38,297.41,2026-01-08,297.38,0.0,0
2026-01-09,SELL,WIPRO.NS,1,254.77,254.75,2025-12-05,251.7,1.22,35
2026-01-09,SELL,KIRLOSENG.NS,1644,1171.14,1925157.89,2025-12-17,1234.83,-5.16,23
2026-01-09,SELL,TECHM.NS,1898,1583.0,3004233.55,2025-12-19,1611.0,-1.74,21
2026-01-09,SELL,JWL.NS,7,304.6,2131.99,2026-01-01,341.4,-10.78,8
2026-01-09,BUY,INDIACEM.NS,5191,470.0,2440013.98,2026-01-09,470.0,0.0,0
2026-01-09,BUY,IPCALAB.NS,1612,1545.0,2490789.05,2026-01-09,1545.0,0.0,0
2026-01-12,SELL,ANURAS.NS,260,1309.9,340539.95,2025-12-10,1306.1,0.29,33
2026-01-12,SELL,NMDC.NS,2,78.44,156.86,2025-12-24,79.97,-1.92,19
2026-01-12,SELL,BELRISE.NS,4,174.1,696.33,2025-12-29,180.0,-3.28,14
2026-01-12,SELL,IEX.NS,1,135.88,135.87,2026-01-07,142.45,-4.61,5
2026-01-13,BUY,VEDL.NS,552,620.73,342678.99,2026-01-13,620.73,0.0,0
2026-01-14,SELL,AUBANK.NS,2,964.0,1927.81,2025-11-06,880.9,9.43,69
2026-01-14,BUY,UNIONBANK.NS,11,166.2,1828.38,2026-01-14,166.2,0.0,0
2026-01-15,BUY,PNB.NS,1,125.04,125.06,2026-01-15,125.04,0.0,0
2026-01-20,SELL,ICICIBANK.NS,1,1374.7,1374.56,2026-01-07,1408.0,-2.37,13
2026-01-20,BUY,FEDERALBNK.NS,5,278.0,1390.14,2026-01-20,278.0,0.0,0
2026-01-21,SELL,ASHOKLEY.NS,1,176.9,176.88,2025-11-12,144.02,22.83,70
2026-01-22,SELL,BANKBARODA.NS,1,292.49,292.46,2026-01-08,297.38,-1.64,14
2026-01-22,SELL,INDIACEM.NS,5191,462.8,2402154.5,2026-01-09,470.0,-1.53,13
2026-01-22,SELL,PNB.NS,1,121.22,121.2,2026-01-15,125.04,-3.06,7
2026-01-23,BUY,SBIN.NS,2325,1033.28,2402604.94,2026-01-23,1033.28,0.0,0
2026-01-23,BUY,BANKINDIA.NS,3,160.9,482.76,2026-01-23,160.9,0.0,0
2026-01-27,SELL,IPCALAB.NS,1612,1467.9,2366018.21,2026-01-09,1545.0,-4.99,18
2026-01-28,BUY,TECHM.NS,1353,1748.0,2365280.5,2026-01-28,1748.0,0.0,0
2026-01-28,BUY,KARURVYSYA.NS,4,292.55,1170.32,2026-01-28,292.55,0.0,0
2026-02-03,SELL,HINDALCO.NS,3276,950.0,3111888.78,2025-12-31,886.4,7.18,34
2026-02-03,SELL,SAIL.NS,1,154.5,154.48,2025-12-31,145.1,6.48,34
2026-02-03,SELL,MAHABANK.NS,1,63.04,63.03,2025-12-31,58.71,7.38,34
2026-02-03,SELL,VEDL.NS,552,683.58,377300.4,2026-01-13,620.73,10.13,21
2026-02-03,SELL,UNIONBANK.NS,11,179.0,1968.8,2026-01-14,166.2,7.7,20
2026-02-03,SELL,SBIN.NS,2325,1067.75,2482278.99,2026-01-23,1033.28,3.34,11
2026-02-03,SELL,BANKINDIA.NS,3,153.0,458.96,2026-01-23,160.9,-4.91,11
2026-02-04,BUY,POWERGRID.NS,12654,285.59,3614265.97,2026-02-04,285.59,0.0,0
2026-02-04,BUY,ADANIPORTS.NS,1549,1523.48,2360105.61,2026-02-04,1523.48,0.0,0
2026-02-04,BUY,SONACOMS.NS,1,530.0,530.05,2026-02-04,530.0,0.0,0
2026-02-04,BUY,WELSPUNLIV.NS,1,144.01,144.02,2026-02-04,144.01,0.0,0
2026-02-04,BUY,TRIDENT.NS,2,28.41,56.83,2026-02-04,28.41,0.0,0
2026-02-05,SELL,TECHM.NS,1353,1630.1,2205304.71,2026-01-28,1748.0,-6.74,8
2026-02-05,BUY,NTPC.NS,6008,366.98,2205032.68,2026-02-05,366.98,0.0,0
2026-02-05,BUY,ADANIPOWER.NS,1,155.29,155.31,2026-02-05,155.29,0.0,0
2026-02-05,BUY,MOTHERSON.NS,1,121.57,121.58,2026-02-05,121.57,0.0,0
2026-02-06,SELL,NATIONALUM.NS,7,354.24,2479.4,2025-10-09,218.21,62.34,120
2026-02-06,BUY,ATHERENERG.NS,3,710.7,2132.31,2026-02-06,710.7,0.0,0
2026-02-09,SELL,HINDCOPPER.NS,4,593.3,2372.96,2025-12-05,362.32,63.75,66
2026-02-09,BUY,NYKAA.NS,9,277.0,2493.25,2026-02-09,277.0,0.0,0
2026-02-10,BUY,MRPL.NS,1,190.97,190.99,2026-02-10,190.97,0.0,0
2026-02-10,BUY,IRB.NS,1,22.04,22.04,2026-02-10,22.04,0.0,0
2026-02-12,SELL,TRIDENT.NS,2,25.96,51.92,2026-02-04,28.41,-8.62,8
2026-02-16,SELL,ADANIPOWER.NS,1,140.5,140.49,2026-02-05,155.29,-9.52,11
2026-02-16,BUY,ENGINERSIN.NS,1,200.02,200.04,2026-02-16,200.02,0.0,0
2026-02-17,SELL,IRB.NS,1,21.19,21.18,2026-02-10,22.04,-3.86,7
2026-02-25,SELL,WELSPUNLIV.NS,1,134.21,134.2,2026-02-04,144.01,-6.81,21
2026-02-25,SELL,ATHERENERG.NS,3,706.0,2117.79,2026-02-06,710.7,-0.66,19
2026-02-25,SELL,NYKAA.NS,9,265.0,2384.76,2026-02-09,277.0,-4.33,16
2026-02-25,BUY,NATCOPHARM.NS,4,948.0,3792.38,2026-02-25,948.0,0.0,0
2026-02-25,BUY,MAHABANK.NS,12,71.3,855.72,2026-02-25,71.3,0.0,0
2026-03-02,SELL,ADANIPORTS.NS,1549,1455.86,2254908.29,2026-02-04,1523.48,-4.44,26
2026-03-04,SELL,KARURVYSYA.NS,4,313.35,1253.27,2026-01-28,292.55,7.11,35
2026-03-04,SELL,SONACOMS.NS,1,502.2,502.15,2026-02-04,530.0,-5.25,28
2026-03-05,SELL,TATASTEEL.NS,1,194.49,194.47,2026-01-01,176.95,9.91,63
2026-03-05,SELL,FEDERALBNK.NS,5,287.75,1438.61,2026-01-20,278.0,3.51,44
2026-03-05,SELL,POWERGRID.NS,12654,292.0,3694598.5,2026-02-04,285.59,2.24,29
2026-03-05,SELL,NTPC.NS,6008,366.95,2204415.21,2026-02-05,366.98,-0.01,28
2026-03-05,SELL,MOTHERSON.NS,1,123.6,123.58,2026-02-05,121.57,1.66,28
2026-03-05,SELL,ENGINERSIN.NS,1,203.65,203.63,2026-02-16,200.02,1.81,17
2026-03-05,SELL,MAHABANK.NS,12,67.96,815.48,2026-02-25,71.3,-4.68,8
2026-03-10,SELL,MRPL.NS,1,191.95,191.93,2026-02-10,190.97,0.51,28
2026-03-16,SELL,NATCOPHARM.NS,4,990.0,3959.6,2026-02-25,948.0,4.43,19
