Ticker,total_return
360ONE.NS,0.19686702548797622
3MINDIA.NS,0.16779918880674058
AADHARHFC.NS,0.0
AARTIIND.NS,0.4519172172152853
AAVAS.NS,0.4322945954519714
ABB.NS,0.5599130753095533
ABBOTINDIA.NS,0.040911744252085484
ABCAPITAL.NS,0.6110062402193727
ABFRL.NS,0.19981556237059572
ABLBL.NS,0.0
ABREL.NS,0.0
ABSLAMC.NS,0.0
ACC.NS,0.0
ACE.NS,0.0
ACMESOLAR.NS,0.0
ADANIENSOL.NS,0.0
ADANIENT.NS,0.20688416844845212
ADANIGREEN.NS,0.0059110023325872315
ADANIPORTS.NS,0.0
ADANIPOWER.NS,0.8092923427527092
AEGISLOG.NS,0.0
AEGISVOPAK.NS,0.0
AFCONS.NS,0.0
AFFLE.NS,0.0
AGARWALEYE.NS,0.0
AIAENG.NS,0.0
AIIL.NS,-0.0469645238287028
AJANTPHARM.NS,0.0
AKUMS.NS,0.0
AKZOINDIA.NS,0.0
ALKEM.NS,0.0
ALKYLAMINE.NS,0.0
ALOKINDS.NS,0.0
AMBER.NS,-0.05326214511216327
AMBUJACEM.NS,0.0
ANANDRATHI.NS,0.6164128530334603
ANANTRAJ.NS,-0.16779891173371814
ANGELONE.NS,-0.14193117012214965
APARINDS.NS,2.0425915208535548
APLAPOLLO.NS,0.0
APLLTD.NS,0.0
APOLLOHOSP.NS,0.0
APOLLOTYRE.NS,0.0
APTUS.NS,0.0
ARE&M.NS,0.0
ASAHIINDIA.NS,0.0
ASHOKLEY.NS,0.0
ASIANPAINT.NS,0.0
ASTERDM.NS,0.0
ASTRAL.NS,0.0
ASTRAZEN.NS,0.0
ATGL.NS,-0.3074404799010571
ATHERENERG.NS,0.0
ATUL.NS,0.0
AUBANK.NS,0.0
AUROPHARMA.NS,0.0
AWL.NS,0.09152636473511098
AXISBANK.NS,0.0
BAJAJ-AUTO.NS,0.0
BAJAJFINSV.NS,0.0
BAJAJHFL.NS,0.0
BAJAJHLDNG.NS,0.07764595851754479
BAJFINANCE.NS,0.0486851504074705
BALKRISIND.NS,0.0
BALRAMCHIN.NS,0.0
BANDHANBNK.NS,0.0
BANKBARODA.NS,0.0
BANKINDIA.NS,0.0
BASF.NS,-0.1853017433648056
BATAINDIA.NS,0.0
BAYERCROP.NS,0.0
BBTC.NS,0.0
BDL.NS,0.10898863951005289
BEL.NS,0.0
BEML.NS,0.0
BERGEPAINT.NS,0.0
BHARATFORG.NS,0.0
BHARTIARTL.NS,0.0
BHARTIHEXA.NS,0.0
BHEL.NS,0.0
BIKAJI.NS,0.0
BIOCON.NS,0.0
BLS.NS,0.3032506068489449
BLUEDART.NS,0.0
BLUEJET.NS,0.07395561921429267
BLUESTARCO.NS,0.0
BOSCHLTD.NS,0.0
BPCL.NS,0.0
BRIGADE.NS,0.0
BRITANNIA.NS,0.0
BSE.NS,1.7516668358779222
BSOFT.NS,0.0
CAMPUS.NS,0.0
CAMS.NS,0.0
CANBK.NS,0.0
CANFINHOME.NS,0.0
CAPLIPOINT.NS,0.0
CARBORUNIV.NS,0.0
CASTROLIND.NS,0.0
CCL.NS,0.0
CDSL.NS,0.0
CEATLTD.NS,0.0
CENTRALBK.NS,0.0
CENTURYPLY.NS,0.0
CERA.NS,0.0
CESC.NS,0.0
CGCL.NS,0.0
CGPOWER.NS,0.017219118058311868
CHALET.NS,0.0
CHAMBLFERT.NS,-0.20450440722026514
CHENNPETRO.NS,-0.1913206124825489
CHOICEIN.NS,-0.025136589786828263
CHOLAFIN.NS,0.0
CHOLAHLDNG.NS,0.0
CIPLA.NS,0.0
CLEAN.NS,0.0
COALINDIA.NS,0.0
COCHINSHIP.NS,0.07030625166827682
COFORGE.NS,-0.007762647078933078
COHANCE.NS,0.0
COLPAL.NS,0.0
CONCOR.NS,0.0
CONCORDBIO.NS,0.0
COROMANDEL.NS,0.0
CRAFTSMAN.NS,0.0
CREDITACC.NS,-0.06892210431165614
CRISIL.NS,0.0
CROMPTON.NS,0.0
CUB.NS,0.0
CUMMINSIND.NS,0.0
CYIENT.NS,0.0
DABUR.NS,0.0
DALBHARAT.NS,0.0
DATAPATTNS.NS,0.0
DBREALTY.NS,-0.20892013820943162
DCMSHRIRAM.NS,0.0
DEEPAKFERT.NS,0.16186599991718453
DEEPAKNTR.NS,0.0
DELHIVERY.NS,0.015489798502477206
DEVYANI.NS,0.0
DIVISLAB.NS,0.0
DIXON.NS,0.0
DLF.NS,0.0
DMART.NS,0.0
DOMS.NS,0.0
DRREDDY.NS,0.0
DUMMYDBRLT.NS,0.0
DUMMYSKFIN.NS,0.0
DUMMYTATAM.NS,0.0
ECLERX.NS,0.0
EICHERMOT.NS,0.0
EIDPARRY.NS,0.0
EIHOTEL.NS,0.0
ELECON.NS,0.47413738532001853
ELGIEQUIP.NS,0.0
EMAMILTD.NS,0.0
EMCURE.NS,0.0
ENDURANCE.NS,0.0
ENGINERSIN.NS,0.0
ENRIN.NS,0.0
ERIS.NS,0.0
ESCORTS.NS,0.0
ETERNAL.NS,0.0
EXIDEIND.NS,0.0
FACT.NS,0.1635194254079669
FEDERALBNK.NS,0.0
FINCABLES.NS,-0.01433662461830827
FINPIPE.NS,0.0
FIRSTCRY.NS,0.0
FIVESTAR.NS,0.0
FLUOROCHEM.NS,0.5875533347913483
FORCEMOT.NS,0.6532848843753001
FORTIS.NS,0.0
FSL.NS,0.0
GAIL.NS,0.0
GESHIP.NS,0.0
GICRE.NS,0.0
GILLETTE.NS,0.0
GLAND.NS,0.0
GLAXO.NS,0.0
GLENMARK.NS,0.0
GMDCLTD.NS,0.17974937017022574
GMRAIRPORT.NS,0.0
GODFRYPHLP.NS,-0.07318141947593831
GODIGIT.NS,0.0
GODREJAGRO.NS,0.0
GODREJCP.NS,0.0
GODREJIND.NS,0.0
GODREJPROP.NS,0.0
GPIL.NS,-0.3136289970986859
GRANULES.NS,0.0
GRAPHITE.NS,0.0
GRASIM.NS,0.0
GRAVITA.NS,0.02223400523596574
GRSE.NS,-0.4546194385587933
GSPL.NS,0.0
GUJGASLTD.NS,0.0
GVT&D.NS,2.2185226189454075
HAL.NS,0.05838526557071746
HAPPSTMNDS.NS,0.26919634351960586
HAVELLS.NS,0.0
HBLENGINE.NS,0.23248528772120552
HCLTECH.NS,0.0
HDFCAMC.NS,0.0
HDFCBANK.NS,0.0
HDFCLIFE.NS,0.0
HEG.NS,0.0
HEROMOTOCO.NS,0.0
HEXT.NS,0.0
HFCL.NS,0.0056022683463169964
HINDALCO.NS,0.0
HINDCOPPER.NS,-0.30178494082625795
HINDPETRO.NS,0.0
HINDUNILVR.NS,0.0
HINDZINC.NS,-0.24440355197757438
HOMEFIRST.NS,0.0
HONASA.NS,0.0
HONAUT.NS,0.0
HSCL.NS,0.21942535645097988
HUDCO.NS,0.48009410103981004
HYUNDAI.NS,0.0
ICICIBANK.NS,0.0
ICICIGI.NS,0.0
ICICIPRULI.NS,0.0
IDBI.NS,0.0
IDEA.NS,0.0
IDFCFIRSTB.NS,0.0
IEX.NS,0.0
IFCI.NS,-0.16239905452935113
IGIL.NS,0.0
IGL.NS,0.0
IIFL.NS,0.0
IKS.NS,0.0
INDGN.NS,0.0
INDHOTEL.NS,0.0
INDIACEM.NS,0.0
INDIAMART.NS,0.0
INDIANB.NS,0.0
INDIGO.NS,0.0
INDUSINDBK.NS,0.0
INDUSTOWER.NS,0.0
INFY.NS,0.0
INOXINDIA.NS,0.0
INOXWIND.NS,-0.09962835877236284
INTELLECT.NS,-0.020169770006251784
IOB.NS,0.0
IOC.NS,0.0
IPCALAB.NS,0.0
IRB.NS,0.0
IRCON.NS,0.09219373799527356
IRCTC.NS,-0.040656614860070696
IREDA.NS,0.0
IRFC.NS,0.8797267284875151
ITC.NS,0.0
ITCHOTELS.NS,0.0
ITI.NS,-0.06372729654391529
J&KBANK.NS,0.014109279868773156
JBCHEPHARM.NS,0.0
JBMA.NS,1.447755521580475
JINDALSAW.NS,1.7793635625613982
JINDALSTEL.NS,0.0
JIOFIN.NS,0.0
JKCEMENT.NS,0.0
JKTYRE.NS,0.0
JMFINANCIL.NS,-0.057978343844750195
JPPOWER.NS,-0.1778975403118921
JSL.NS,0.3865070855282707
JSWENERGY.NS,0.18986336909717197
JSWINFRA.NS,0.0
JSWSTEEL.NS,0.0
JUBLFOOD.NS,0.0
JUBLINGREA.NS,-0.11438958601497695
JUBLPHARMA.NS,0.0
JWL.NS,-0.2544389213066573
JYOTHYLAB.NS,0.0
JYOTICNC.NS,0.003944946254601964
KAJARIACER.NS,0.0
KALYANKJIL.NS,0.24675182026370152
KARURVYSYA.NS,0.28098165385414015
KAYNES.NS,0.24025352905737235
KEC.NS,0.0
KEI.NS,0.0
KFINTECH.NS,-0.2907789574862868
KIMS.NS,0.0
KIRLOSBROS.NS,-0.04493571792074319
KIRLOSENG.NS,0.6332484059086463
KOTAKBANK.NS,0.0
KPIL.NS,0.0
KPITTECH.NS,-0.1330535605247035
KPRMILL.NS,-0.0698489902106917
KSB.NS,0.0
LALPATHLAB.NS,0.0
LATENTVIEW.NS,0.0
LAURUSLABS.NS,-0.041885675286325565
LEMONTREE.NS,0.0
LICHSGFIN.NS,0.0
LICI.NS,0.0
LINDEINDIA.NS,0.0
LLOYDSME.NS,-0.028972623531185092
LODHA.NS,-0.1299548785113037
LT.NS,0.0
LTF.NS,0.07465507044396785
LTFOODS.NS,0.0
LTIM.NS,0.0
LTTS.NS,0.0
LUPIN.NS,0.0
M&M.NS,0.0
M&MFIN.NS,0.0
MAHABANK.NS,0.0
MAHSCOOTER.NS,0.08412992628424355
MAHSEAMLES.NS,0.0
MANAPPURAM.NS,0.09852471971336839
MANKIND.NS,0.0
MANYAVAR.NS,0.0
MAPMYINDIA.NS,0.0
MARICO.NS,0.0
MARUTI.NS,0.0
MAXHEALTH.NS,0.0
MAZDOCK.NS,0.7621742528552926
MCX.NS,0.0
MEDANTA.NS,0.0
METROPOLIS.NS,0.0
MFSL.NS,0.0
MGL.NS,0.0
MINDACORP.NS,0.0
MMTC.NS,-0.05823627435709655
MOTHERSON.NS,0.0
MOTILALOFS.NS,0.0
MPHASIS.NS,0.0
MRF.NS,0.0
MRPL.NS,-0.3201733341092193
MSUMI.NS,0.0
MUTHOOTFIN.NS,0.0
NAM-INDIA.NS,0.0
NATCOPHARM.NS,0.0
NATIONALUM.NS,0.0
NAUKRI.NS,0.0
NAVA.NS,-0.11460587568249903
NAVINFLUOR.NS,0.0
NBCC.NS,0.0795673854948231
NCC.NS,0.0
NESTLEIND.NS,0.0
NETWEB.NS,0.10823256723917803
NEULANDLAB.NS,-0.3257328676529105
NEWGEN.NS,0.3572217202872349
NH.NS,-0.09054181175884878
NHPC.NS,0.0
NIACL.NS,0.0
NIVABUPA.NS,0.0
NLCINDIA.NS,0.023081477862956962
NMDC.NS,0.0
NSLNISP.NS,0.0
NTPC.NS,0.0
NTPCGREEN.NS,0.0
NUVAMA.NS,0.0
NUVOCO.NS,0.0
NYKAA.NS,0.0
OBEROIRLTY.NS,0.0
OFSS.NS,0.11764519458272334
OIL.NS,0.3300722901873999
OLAELEC.NS,0.0
OLECTRA.NS,0.47440897208735755
ONESOURCE.NS,0.0
ONGC.NS,0.0
PAGEIND.NS,0.0
PATANJALI.NS,0.0
PAYTM.NS,0.032349436030027136
PCBL.NS,-0.28852145334694856
PERSISTENT.NS,0.0
PETRONET.NS,0.0
PFC.NS,0.0
PFIZER.NS,0.0
PGEL.NS,0.40749259705035845
PGHH.NS,0.0
PHOENIXLTD.NS,0.0
PIDILITIND.NS,0.0
PIIND.NS,0.0
PNB.NS,0.0
PNBHOUSING.NS,-0.1407401587391259
POLICYBZR.NS,0.0
POLYCAB.NS,0.0
POLYMED.NS,0.0
POONAWALLA.NS,-0.003912967999557004
POWERGRID.NS,0.0
POWERINDIA.NS,-0.16488195830163838
PPLPHARMA.NS,0.0
PRAJIND.NS,0.049996022142867295
PREMIERENE.NS,0.0
PRESTIGE.NS,0.0
PTCIL.NS,0.01240332387846458
PVRINOX.NS,0.0
RADICO.NS,0.0
RAILTEL.NS,0.07618352901501799
RAINBOW.NS,0.0
RAMCOCEM.NS,0.0
RBLBANK.NS,0.22224507754190112
RCF.NS,0.0
RECLTD.NS,0.26770892493665716
REDINGTON.NS,-0.1630010072207541
RELIANCE.NS,0.0
RELINFRA.NS,-0.0068868567618122324
RHIM.NS,0.0
RITES.NS,0.0
RKFORGE.NS,0.033714574007531334
RPOWER.NS,-0.21948710058006574
RRKABEL.NS,0.0
RVNL.NS,0.9499502267861716
SAGILITY.NS,0.0
SAIL.NS,0.0
SAILIFE.NS,0.0
SAMMAANCAP.NS,0.0
SAPPHIRE.NS,0.0
SARDAEN.NS,0.14966457629293756
SAREGAMA.NS,0.6496385406292218
SBFC.NS,0.0
SBICARD.NS,0.05042917073028031
SBILIFE.NS,0.0
SBIN.NS,0.0
SCHAEFFLER.NS,0.0
SCHNEIDER.NS,-0.15104038706901396
SCI.NS,0.0
SHREECEM.NS,0.0
SHRIRAMFIN.NS,0.0
SHYAMMETL.NS,0.0
SIEMENS.NS,0.0
SIGNATURE.NS,0.0
SJVN.NS,0.0
SKFINDIA.NS,0.0
SOBHA.NS,0.2501358424462442
SOLARINDS.NS,-0.14286782205925105
SONACOMS.NS,0.0
SONATSOFTW.NS,0.0
SRF.NS,0.0
STARHEALTH.NS,0.0
SUMICHEM.NS,0.0
SUNDARMFIN.NS,0.0
SUNDRMFAST.NS,0.0
SUNPHARMA.NS,0.0
SUNTV.NS,0.0
SUPREMEIND.NS,0.0
SUZLON.NS,0.8431772466897205
SWANCORP.NS,-0.44462385746414473
SWIGGY.NS,0.0
SYNGENE.NS,0.0
SYRMA.NS,0.09083822201609437
TARIL.NS,0.7176426015091165
TATACHEM.NS,0.0
TATACOMM.NS,0.0
TATACONSUM.NS,0.0
TATAELXSI.NS,0.06358211422756954
TATAINVEST.NS,-0.2797021937996229
TATAPOWER.NS,0.0
TATASTEEL.NS,0.0
TATATECH.NS,0.0
TBOTEK.NS,0.0
TCS.NS,0.0
TECHM.NS,0.0
TECHNOE.NS,-0.03909971636608505
TEJASNET.NS,-0.16656526961601079
THELEELA.NS,0.0
THERMAX.NS,0.0
TIINDIA.NS,0.0
TIMKEN.NS,0.0
TITAGARH.NS,2.2209526061274465
TITAN.NS,0.0
TMPV.NS,0.0
TORNTPHARM.NS,0.0
TORNTPOWER.NS,0.0
TRENT.NS,0.0
TRIDENT.NS,0.37417658315247915
TRITURBINE.NS,0.049126183747170725
TRIVENI.NS,0.029567739129758994
TTML.NS,1.8116593232316267
TVSMOTOR.NS,-0.08542379648488597
UBL.NS,0.0
UCOBANK.NS,-0.165079424206572
ULTRACEMCO.NS,0.0
UNIONBANK.NS,-0.12921020725132096
UNITDSPR.NS,0.0
UNOMINDA.NS,0.0
UPL.NS,0.0
USHAMART.NS,-0.018282084927571704
UTIAMC.NS,0.0
VBL.NS,0.0
VEDL.NS,0.0
VENTIVE.NS,0.0
VGUARD.NS,0.0
VIJAYA.NS,0.0
VMM.NS,0.0
VOLTAS.NS,0.0
VTL.NS,0.0
WAAREEENER.NS,0.0
WELCORP.NS,0.0
WELSPUNLIV.NS,0.0
WHIRLPOOL.NS,0.0
WIPRO.NS,0.0
WOCKPHARMA.NS,-0.23724891474666904
YESBANK.NS,0.0
ZEEL.NS,0.0
ZENSARTECH.NS,0.0
ZENTEC.NS,0.8729974266432248
ZFCVINDIA.NS,0.0
ZYDUSLIFE.NS,0.0
