,Exit Trade Id,Column,Size,Entry Timestamp,Avg Entry Price,Entry Fees,Exit Timestamp,Avg Exit Price,Exit Fees,PnL,Return,Direction,Status,Position Id
0,0,360ONE.NS,45.788423611109174,2020-11-27,218.39581298828122,0.0,2021-05-31,261.3907470703125,0.0,1968.670254879762,0.19686702548797622,Long,Closed,0
1,1,3MINDIA.NS,0.4922615901164641,2020-11-27,20314.40234375,0.0,2021-05-31,23723.142578125,0.0,1677.9918880674068,0.1677991888067407,Long,Closed,1
2,2,AARTIIND.NS,17.566092637980244,2020-11-27,569.278564453125,0.0,2021-05-31,826.5453491210938,0.0,4519.172172152856,0.45191721721528555,Long,Closed,2
3,3,AAVAS.NS,6.2200661216111,2020-11-27,1607.699951171875,0.0,2021-05-31,2302.699951171875,0.0,4322.945954519713,0.43229459545197135,Long,Closed,3
4,4,ABB.NS,9.519880536655375,2020-11-27,1050.433349609375,0.0,2021-05-31,1638.584716796875,0.0,5599.130753095529,0.5599130753095529,Long,Closed,4
5,5,ABBOTINDIA.NS,0.6974041649875731,2020-11-27,14338.8876953125,0.0,2021-05-31,14925.5166015625,0.0,409.11744252085555,0.040911744252085554,Long,Closed,5
6,6,ABCAPITAL.NS,113.0582288866742,2020-11-27,88.44999694824219,0.0,2021-05-31,121.1500015258789,0.0,3697.0046021337457,0.36970046021337455,Long,Closed,6
7,7,ABCAPITAL.NS,49.29639842091923,2025-08-29,277.8500061035156,0.0,2025-10-30,326.79998779296875,0.0,2413.0578000599835,0.17617412493853385,Long,Open,7
8,8,ABFRL.NS,61.48171149864486,2020-11-27,162.64999389648438,0.0,2021-05-31,195.1499938964844,0.0,1998.1556237059594,0.19981556237059594,Long,Closed,8
9,9,ADANIENT.NS,7.61550618202101,2021-05-31,1313.1103515625,0.0,2021-08-31,1584.7720947265625,0.0,2068.8416844845215,0.20688416844845214,Long,Closed,9
10,10,ADANIGREEN.NS,5.325239039332598,2022-01-31,1877.8499755859373,0.0,2022-05-31,1888.949951171875,0.0,59.11002332587486,0.0059110023325874865,Long,Closed,10
11,11,ADANIPOWER.NS,270.12425381812346,2022-03-31,37.02000045776367,0.0,2022-10-31,66.9800033569336,0.0,8092.923427527088,0.8092923427527087,Long,Closed,11
12,12,AIIL.NS,6.039065351430183,2024-10-31,1655.8853759765625,0.0,2024-12-31,1703.1934814453125,0.0,285.69674057813245,0.028569674057813244,Long,Closed,12
13,13,AIIL.NS,6.098450295010208,2025-01-31,1686.6082763671875,0.0,2025-02-28,1408.354248046875,0.0,-1696.9183610977889,-0.16497845541209388,Long,Closed,13
14,14,AIIL.NS,3.264826296763481,2025-06-30,2630.699951171875,0.0,2025-10-30,2919.10009765625,0.0,941.576382232628,0.10962867367519585,Long,Open,14
15,15,AMBER.NS,1.5380356671071997,2025-01-31,6501.7998046875,0.0,2025-04-30,6155.5,0.0,-532.6214511216313,-0.05326214511216312,Long,Closed,15
16,16,ANANDRATHI.NS,7.7828538182061395,2023-11-30,1284.875732421875,0.0,2024-05-31,2076.8896484375,0.0,6164.128530334603,0.6164128530334603,Long,Closed,16
17,17,ANANDRATHI.NS,5.14879564029645,2025-10-30,3139.39990234375,0.0,2025-10-30,3139.39990234375,0.0,0.0,0.0,Long,Open,17
18,18,ANANTRAJ.NS,88.41075873782366,2022-10-31,113.1084060668945,0.0,2023-01-31,110.82137298583984,0.0,-202.19832995454635,-0.020219832995454635,Long,Closed,18
19,19,ANANTRAJ.NS,13.926171047927387,2024-09-30,703.5531616210938,0.0,2025-01-31,597.5806884765625,0.0,-1475.7907873826334,-0.15062468470805318,Long,Closed,19
20,20,ANGELONE.NS,9.104763462868748,2021-07-30,1098.326171875,0.0,2021-11-30,942.439453125,0.0,-1419.3117012214952,-0.14193117012214954,Long,Closed,20
21,21,APARINDS.NS,7.664603249185496,2022-08-30,1304.698974609375,0.0,2023-01-31,1648.390625,0.0,2634.2601403019107,0.26342601403019106,Long,Closed,21
22,22,APARINDS.NS,5.62188685931061,2023-02-28,2247.33447265625,0.0,2023-09-29,5412.046875,0.0,17791.655068233642,1.4082071186329466,Long,Closed,22
23,23,ATGL.NS,7.423402439301769,2021-05-31,1347.0911865234375,0.0,2021-07-30,891.5552978515625,0.0,-3381.6262271562964,-0.33816262271562963,Long,Closed,23
24,24,ATGL.NS,4.561623416259231,2021-08-31,1450.8812255859375,0.0,2021-09-30,1421.56396484375,0.0,-133.73430310214007,-0.02020652016525182,Long,Closed,24
25,25,ATGL.NS,2.075744003373372,2022-07-29,3124.00732421875,0.0,2022-09-30,3336.43994140625,0.0,440.9557312478637,0.0680000381371144,Long,Closed,25
26,26,AWL.NS,14.44773480787705,2022-08-30,692.1500244140625,0.0,2022-09-30,755.5,0.0,915.2636473511102,0.09152636473511101,Long,Closed,26
27,27,BAJAJHLDNG.NS,0.8700093831871366,2025-02-28,11494.12890625,0.0,2025-03-28,12386.6015625,0.0,776.4595851754475,0.07764595851754474,Long,Closed,27
28,28,BAJFINANCE.NS,11.795252727544204,2025-02-28,847.7987060546875,0.0,2025-03-28,889.0739135742188,0.0,486.8515040747043,0.04868515040747043,Long,Closed,28
29,29,BASF.NS,1.3594315876674066,2024-09-30,7356.015625,0.0,2024-11-29,5992.93310546875,0.0,-1853.0174336480559,-0.1853017433648056,Long,Closed,29
30,30,BDL.NS,26.069764944090185,2022-05-31,383.5861206054688,0.0,2022-09-30,428.6714172363281,0.0,1175.363085601084,0.11753630856010841,Long,Closed,30
31,31,BDL.NS,7.208810839294567,2024-05-31,1550.2366943359375,0.0,2024-07-31,1453.43115234375,0.0,-697.8528404170665,-0.06244565255478959,Long,Closed,31
32,32,BDL.NS,6.852603467040115,2025-04-30,1528.982421875,0.0,2025-07-31,1618.346435546875,0.0,612.3761499165103,0.05844672403904245,Long,Closed,32
33,33,BLS.NS,154.20416710784832,2021-09-30,64.84909057617188,0.0,2021-11-30,47.70634841918945,0.0,-2643.4822762620743,-0.2643482276262074,Long,Closed,33
34,34,BLS.NS,79.55852501916306,2022-05-31,92.46674346923828,0.0,2022-12-30,163.810302734375,0.0,5675.988344751521,0.7715591204839088,Long,Closed,34
35,35,BLUEJET.NS,13.348780897164525,2025-01-31,749.132080078125,0.0,2025-07-31,804.5346069335938,0.0,739.5561921429271,0.07395561921429271,Long,Closed,35
36,36,BSE.NS,47.993919910878475,2022-02-28,208.35972595214844,0.0,2022-06-30,194.42947387695312,0.0,-668.5674024352738,-0.06685674024352738,Long,Closed,36
37,37,BSE.NS,21.755376571839918,2023-09-29,428.9253540039063,0.0,2024-04-30,922.0432739257812,0.0,10727.96604222279,1.1496590614631375,Long,Closed,37
38,38,BSE.NS,11.33586119543417,2024-12-31,1769.55224609375,0.0,2025-07-31,2427.39990234375,0.0,7457.269718991694,0.37175938585717677,Long,Closed,38
39,39,CGPOWER.NS,51.918626805557864,2021-12-31,192.60910034179688,0.0,2022-04-29,195.9256591796875,0.0,172.19118058311687,0.017219118058311687,Long,Closed,39
40,40,CHAMBLFERT.NS,14.731344919461785,2025-04-30,678.8246459960938,0.0,2025-05-30,540.0020141601562,0.0,-2045.0440722026515,-0.20450440722026514,Long,Closed,40
41,41,CHENNPETRO.NS,40.7192600994309,2022-04-29,245.5840301513672,0.0,2022-10-31,184.9124755859375,0.0,-2470.500810986545,-0.24705008109865448,Long,Closed,41
42,42,CHENNPETRO.NS,22.625424070925654,2023-05-31,332.789306640625,0.0,2023-07-31,357.420654296875,0.0,557.2946861610571,0.07401484111642173,Long,Closed,42
43,43,CHOICEIN.NS,72.85974499089254,2022-10-31,137.25,0.0,2022-11-30,133.8000030517578,0.0,-251.36589786828335,-0.025136589786828336,Long,Closed,43
44,44,COCHINSHIP.NS,31.182212968386235,2022-11-30,320.6956481933594,0.0,2022-12-30,256.8497619628906,0.0,-1990.8560215938342,-0.19908560215938342,Long,Closed,44
45,45,COCHINSHIP.NS,6.208091817468096,2024-04-30,1290.1136474609375,0.0,2024-09-30,1724.05029296875,0.0,2693.9185382766036,0.33635536401141064,Long,Closed,45
46,46,COFORGE.NS,6.838910025339531,2025-02-28,1462.2213134765625,0.0,2025-04-30,1450.87060546875,0.0,-77.6264707893315,-0.007762647078933151,Long,Closed,46
47,47,CREDITACC.NS,9.4067155129967,2022-05-31,1063.0703125,0.0,2022-08-30,989.80126953125,0.0,-689.221043116564,-0.0689221043116564,Long,Closed,47
48,48,DBREALTY.NS,121.21212121212122,2022-01-31,82.5,0.0,2022-06-30,54.34999847412109,0.0,-3412.121397076232,-0.3412121397076232,Long,Closed,48
49,49,DBREALTY.NS,43.570626560124126,2023-08-31,151.1999969482422,0.0,2023-10-31,171.0,0.0,862.6985388574576,0.13095240377905312,Long,Closed,49
50,50,DBREALTY.NS,29.501393988319606,2024-01-31,252.5500030517578,0.0,2024-02-29,268.1499938964844,0.0,460.2214761244577,0.06176990954749467,Long,Closed,50
51,51,DEEPAKFERT.NS,25.46454849617884,2021-08-31,392.7028198242188,0.0,2021-09-30,390.49798583984375,0.0,-56.14510192114176,-0.005614510192114176,Long,Closed,51
52,52,DEEPAKFERT.NS,16.015105879818574,2022-05-31,620.9047241210938,0.0,2022-07-29,681.3463134765625,0.0,967.9784530723464,0.09734438635657874,Long,Closed,52
53,53,DEEPAKFERT.NS,10.302297516173313,2024-09-30,1059.1650390625,0.0,2025-01-31,1127.773681640625,0.0,706.8266480206385,0.06477615862288327,Long,Closed,53
54,54,DELHIVERY.NS,21.365239313761656,2025-08-29,468.0499877929688,0.0,2025-10-30,475.2999877929688,0.0,154.89798502477242,0.015489798502477243,Long,Open,54
55,55,ECLERX.NS,2.1180607912404947,2025-10-30,4721.2998046875,0.0,2025-10-30,4721.2998046875,0.0,0.0,0.0,Long,Open,55
56,56,ELECON.NS,173.43309388234582,2021-05-31,57.65912246704102,0.0,2021-10-29,84.43795776367188,0.0,4644.336256060455,0.46443362560604545,Long,Closed,56
57,57,ELECON.NS,81.70852187623447,2022-07-29,179.22654724121094,0.0,2022-12-30,180.4141540527344,0.0,97.03759713972977,0.006626288514754054,Long,Closed,57
58,58,FACT.NS,26.872904398543675,2022-12-30,372.1220397949219,0.0,2023-06-30,432.9712219238281,0.0,1635.19425407967,0.163519425407967,Long,Closed,58
59,59,FINCABLES.NS,12.573603429438057,2023-03-31,795.3169555664062,0.0,2023-05-31,783.914794921875,0.0,-143.36624618308088,-0.014336624618308088,Long,Closed,59
60,60,FLUOROCHEM.NS,5.705760505717601,2021-08-31,1752.61474609375,0.0,2022-01-31,2782.369384765625,0.0,5875.533347913482,0.5875533347913482,Long,Closed,60
61,61,FORCEMOT.NS,3.6846411365534664,2023-06-30,2713.968505859375,0.0,2023-07-31,2531.009033203125,0.0,-674.1399992713468,-0.06741399992713468,Long,Closed,61
62,62,FORCEMOT.NS,2.7373109436969023,2023-08-31,3406.942138671875,0.0,2024-02-07,3336.982421875,0.0,-191.5014984060217,-0.020534459920163846,Long,Closed,62
63,63,FORCEMOT.NS,0.963702636203594,2024-04-30,9478.3994140625,0.0,2024-06-28,8924.30078125,0.0,-533.9863131582133,-0.0584590929973281,Long,Closed,63
64,64,FORCEMOT.NS,0.9669463588579368,2025-04-30,8894.36328125,0.0,2025-10-30,17098.0,0.0,7932.476654588585,0.9223410894452553,Long,Open,64
65,65,GMDCLTD.NS,84.55145258301486,2022-02-28,118.27117919921878,0.0,2022-08-30,148.2736358642578,0.0,2536.751292088007,0.2536751292088007,Long,Closed,65
66,66,GMDCLTD.NS,31.851936426361487,2023-11-30,393.5946350097656,0.0,2024-02-29,372.8439025878906,0.0,-660.9510099020008,-0.05272107538091862,Long,Closed,66
67,67,GMDCLTD.NS,19.82438949033127,2025-09-30,599.0499877929688,0.0,2025-10-30,595.0999755859375,0.0,-78.30658048375153,-0.0065937939863483,Long,Open,67
68,68,GODFRYPHLP.NS,4.688463289767406,2024-08-30,2132.89501953125,0.0,2024-11-29,1870.314697265625,0.0,-1231.0982015576774,-0.12310982015576774,Long,Closed,68
69,69,GODFRYPHLP.NS,2.9631098326308303,2025-06-30,2959.357666015625,0.0,2025-10-30,3127.857666015625,0.0,499.2840067982961,0.05693803149751172,Long,Closed,69
70,70,GPIL.NS,24.201374222685583,2021-07-30,413.1996765136719,0.0,2021-08-31,283.6082763671875,0.0,-3136.2899709868598,-0.31362899709868597,Long,Closed,70
71,71,GRAVITA.NS,34.91625766936537,2021-12-31,286.3995361328125,0.0,2022-04-29,305.8844299316406,0.0,680.3395725401024,0.06803395725401024,Long,Closed,71
72,72,GRAVITA.NS,4.705903393426924,2024-08-30,2269.56201171875,0.0,2024-12-31,2172.237548828125,0.0,-457.99952018044496,-0.042882486747705444,Long,Closed,72
73,73,GRSE.NS,20.60074612321469,2023-01-31,485.41931152343756,0.0,2023-02-28,403.78656005859375,0.0,-1681.695588266728,-0.1681695588266728,Long,Closed,73
74,74,GRSE.NS,4.0063909448827735,2024-06-28,2076.2587890625,0.0,2024-10-31,1598.2462158203125,0.0,-1915.1052449776134,-0.23022783853357032,Long,Closed,74
75,75,GRSE.NS,2.141158275803611,2025-05-30,2990.530517578125,0.0,2025-10-30,2547.128662109375,0.0,-949.3935523435912,-0.1482686275436635,Long,Closed,75
76,76,GVT&D.NS,45.73763309144553,2023-06-30,218.63833618164065,0.0,2023-11-30,424.6648254394531,0.0,9423.16397279247,0.942316397279247,Long,Closed,76
77,77,GVT&D.NS,17.04158937588035,2024-04-30,1139.750732421875,0.0,2024-09-30,1677.9256591796875,0.0,9171.356114201124,0.4721865153920418,Long,Closed,77
78,78,GVT&D.NS,10.505687806341559,2025-07-31,2721.813232421875,0.0,2025-10-30,3063.60009765625,0.0,3590.706102460481,0.12557322492339143,Long,Open,78
79,79,HAL.NS,2.0374946774431035,2024-05-31,4907.98828125,0.0,2024-06-28,5194.54248046875,0.0,583.8526557071746,0.05838526557071746,Long,Closed,79
80,80,HAPPSTMNDS.NS,10.264437701585406,2021-06-30,974.2374877929688,0.0,2021-10-29,1236.4986572265625,0.0,2691.9634351960576,0.26919634351960575,Long,Closed,80
81,81,HBLENGINE.NS,12.291052482884124,2025-09-30,813.5999755859375,0.0,2025-10-30,1002.75,0.0,2324.8528772120553,0.23248528772120552,Long,Open,81
82,82,HFCL.NS,141.1492064449293,2021-09-30,70.84701538085938,0.0,2021-11-30,71.2439193725586,0.0,56.022683463170324,0.005602268346317032,Long,Closed,82
83,83,HINDCOPPER.NS,60.28875605868145,2021-05-31,165.868408203125,0.0,2021-06-30,140.26783752441406,0.0,-1543.426560611837,-0.1543426560611837,Long,Closed,83
84,84,HINDCOPPER.NS,22.084642545019168,2024-04-30,382.9164733886719,0.0,2024-06-28,316.15411376953125,0.0,-1474.4228476507424,-0.1743522785225664,Long,Closed,84
85,85,HINDZINC.NS,15.389310384374891,2024-05-31,649.8016967773438,0.0,2024-08-30,490.9878540039063,0.0,-2444.0355197757417,-0.24440355197757416,Long,Closed,85
86,86,HSCL.NS,44.67592570500446,2023-08-31,223.83419799804688,0.0,2023-11-30,272.9490966796875,0.0,2194.253564509798,0.21942535645097977,Long,Closed,86
87,87,HUDCO.NS,54.90958886847505,2024-02-29,182.1175537109375,0.0,2024-08-30,269.5511169433594,0.0,4800.941010398103,0.48009410103981026,Long,Closed,87
88,88,IFCI.NS,163.80016584716805,2024-01-31,61.04999923706055,0.0,2024-03-28,39.650001525878906,0.0,-3505.323174220569,-0.35053231742205687,Long,Closed,88
89,89,IFCI.NS,111.784457768485,2024-05-31,58.09999847412109,0.0,2024-08-30,74.93000030517578,0.0,1881.33262892706,0.2896730167480319,Long,Closed,89
90,90,INOXWIND.NS,80.04002001000501,2023-12-29,124.93749999999999,0.0,2024-01-31,119.5,0.0,-435.2176088044016,-0.04352176088044016,Long,Closed,90
91,91,INOXWIND.NS,63.46902843322961,2024-02-29,150.6999969482422,0.0,2024-06-28,141.86000061035156,0.0,-561.065978919225,-0.05865956547382483,Long,Closed,91
92,92,INTELLECT.NS,8.57855842100909,2025-05-30,1165.697021484375,0.0,2025-06-30,1142.1851806640625,0.0,-201.69770006251747,-0.020169770006251746,Long,Closed,92
93,93,IRCON.NS,139.88851566643154,2023-04-28,71.4854965209961,0.0,2023-05-31,78.07601165771484,0.0,921.9373799527348,0.09219373799527347,Long,Closed,93
94,94,IRCTC.NS,12.292471693890445,2021-10-29,813.5060424804688,0.0,2022-02-28,780.431640625,0.0,-406.5661486007084,-0.04065661486007084,Long,Closed,94
95,95,IRFC.NS,135.25709807728782,2023-09-29,73.93327331542969,0.0,2024-03-28,138.97434997558594,0.0,8797.26728487515,0.879726728487515,Long,Closed,95
96,96,ITI.NS,37.05076037843607,2023-10-31,269.8999938964844,0.0,2024-03-28,252.6999969482422,0.0,-637.2729654391533,-0.06372729654391533,Long,Closed,96
97,97,J&KBANK.NS,184.63035930672055,2022-12-30,54.16227340698242,0.0,2023-05-31,54.92646408081055,0.0,141.09279868773228,0.014109279868773228,Long,Closed,97
98,98,JBMA.NS,53.736179759066175,2021-11-30,186.0943603515625,0.0,2022-05-31,213.64749145507807,0.0,1480.6000059036305,0.14806000059036306,Long,Closed,98
99,99,JBMA.NS,35.761117662216115,2023-03-31,321.03582763671875,0.0,2023-09-29,684.4739990234375,0.0,12996.955209901116,1.1320797870510022,Long,Closed,99
100,100,JINDALSAW.NS,137.14070953618227,2023-02-28,72.91780853271484,0.0,2023-12-29,202.66510009765625,0.0,17793.63562561398,1.7793635625613982,Long,Closed,100
101,101,JMFINANCIL.NS,56.89821881383154,2025-08-29,175.75242614746094,0.0,2025-10-30,165.56259155273438,0.0,-579.7834384475027,-0.05797834384475027,Long,Open,101
102,102,JPPOWER.NS,539.0835801233494,2024-01-31,18.549999237060547,0.0,2024-03-28,15.25,0.0,-1778.9754031189223,-0.17789754031189223,Long,Closed,102
103,103,JSL.NS,42.472017080573764,2022-12-30,235.4491424560547,0.0,2023-06-30,326.451904296875,0.0,3865.0708552827073,0.38650708552827073,Long,Closed,103
104,104,JSWENERGY.NS,40.486525269421094,2021-07-30,246.99575805664065,0.0,2021-12-31,293.8912048339844,0.0,1898.6336909717193,0.1898633690971719,Long,Closed,104
105,105,JUBLINGREA.NS,13.732698028414045,2021-09-30,728.1890258789062,0.0,2021-10-29,644.8917846679688,0.0,-1143.8958601497707,-0.11438958601497706,Long,Closed,105
106,106,JWL.NS,125.98551135861194,2022-08-30,79.37420654296875,0.0,2022-09-30,71.33253479003906,0.0,-1013.1341279709522,-0.10131341279709523,Long,Closed,106
107,107,JWL.NS,73.53418639011956,2023-01-31,122.21343994140622,0.0,2023-02-28,92.23094177246094,0.0,-2204.7386087966415,-0.2453289767747315,Long,Closed,107
108,108,JWL.NS,39.30567207362201,2023-06-30,172.54830932617188,0.0,2023-07-31,203.9207305908203,0.0,1233.1141023837981,0.18181818985745304,Long,Closed,108
109,109,JWL.NS,23.513570267406234,2023-08-31,340.87725830078125,0.0,2023-12-29,317.0769348144531,0.0,-559.6305786827752,-0.06982080178938582,Long,Closed,109
110,110,JYOTICNC.NS,8.766547232448552,2024-07-31,1140.699951171875,0.0,2024-09-30,1145.199951171875,0.0,39.44946254601746,0.0039449462546017455,Long,Closed,110
111,111,KALYANKJIL.NS,98.35429592808022,2022-10-31,101.6732406616211,0.0,2023-03-31,104.50025177001952,0.0,278.0486871473877,0.027804868714738768,Long,Closed,111
112,112,KALYANKJIL.NS,35.78534593650224,2023-10-31,287.2138977050781,0.0,2024-01-31,348.3973083496094,0.0,2189.4695154896235,0.21302385132963386,Long,Closed,112
113,113,KARURVYSYA.NS,152.72957268765688,2022-09-30,65.47520446777344,0.0,2023-03-31,83.8725357055664,0.0,2809.8165385414013,0.28098165385414015,Long,Closed,113
114,114,KAYNES.NS,6.98958575612523,2023-05-31,1430.699951171875,0.0,2023-08-31,2014.25,0.0,4078.7731092752438,0.4078773109275244,Long,Closed,114
115,115,KAYNES.NS,2.5879860690143057,2024-10-31,5440.0498046875,0.0,2025-01-31,4792.35009765625,0.0,-1676.2378187015238,-0.11906135610617949,Long,Closed,115
116,116,KFINTECH.NS,6.548675919602532,2024-12-31,1527.0262451171875,0.0,2025-01-31,1082.9991455078125,0.0,-2907.78957486287,-0.29077895748628696,Long,Closed,116
117,117,KIRLOSBROS.NS,25.67516203097364,2021-05-31,389.4814758300781,0.0,2021-09-30,386.044677734375,0.0,-88.24034797491913,-0.008824034797491912,Long,Closed,117
118,118,KIRLOSBROS.NS,13.073412549854522,2023-07-31,758.16162109375,0.0,2023-09-29,833.8933715820312,0.0,990.0724172559476,0.09988866276167875,Long,Closed,118
119,119,KIRLOSBROS.NS,5.169661101993774,2024-06-28,2108.809814453125,0.0,2024-09-30,1847.4407958984373,0.0,-1351.1892484884593,-0.1239414843213201,Long,Closed,119
120,120,KIRLOSENG.NS,42.29441250514434,2022-09-30,236.43785095214844,0.0,2023-04-28,386.1617431640625,0.0,6332.484059086461,0.6332484059086461,Long,Closed,120
121,121,KPITTECH.NS,16.646160379821815,2021-12-31,600.7391357421875,0.0,2022-05-31,520.8086547851562,0.0,-1330.5356052470343,-0.13305356052470343,Long,Closed,121
122,122,KPRMILL.NS,15.210153371522107,2021-12-31,657.45556640625,0.0,2022-03-31,611.532958984375,0.0,-698.4899021069177,-0.06984899021069177,Long,Closed,122
123,123,LAURUSLABS.NS,16.338303399222713,2025-03-28,612.0586547851562,0.0,2025-05-30,609.097412109375,0.0,-48.38168127564131,-0.0048381681275641315,Long,Closed,123
124,124,LAURUSLABS.NS,11.391125181129551,2025-07-31,873.6290893554688,0.0,2025-09-30,841.10595703125,0.0,-370.4750715876162,-0.03722762064643827,Long,Closed,124
125,125,LLOYDSME.NS,8.076404840440231,2025-01-31,1238.1746826171875,0.0,2025-04-30,1202.301513671875,0.0,-289.72623531185127,-0.028972623531185127,Long,Closed,125
126,126,LODHA.NS,14.196809686411155,2021-11-30,704.3836059570312,0.0,2021-12-31,612.8455200195312,0.0,-1299.5487851130365,-0.12995487851130366,Long,Closed,126
127,127,LTF.NS,40.11553293071709,2025-09-30,249.2799987792969,0.0,2025-10-30,267.8900146484375,0.0,746.5507044396782,0.07465507044396781,Long,Open,127
128,128,MAHSCOOTER.NS,0.6285539925117367,2025-07-31,15909.5322265625,0.0,2025-09-30,17248.0,0.0,841.2992628424345,0.08412992628424344,Long,Closed,128
129,129,MANAPPURAM.NS,43.57587329112674,2025-04-30,229.4847869873047,0.0,2025-07-31,252.0947113037109,0.0,985.2471971336818,0.09852471971336818,Long,Closed,129
130,130,MAZDOCK.NS,41.97638738538335,2022-09-30,238.2291717529297,0.0,2023-04-28,368.2550354003906,0.0,5458.016022584856,0.5458016022584856,Long,Closed,130
131,131,MAZDOCK.NS,16.69098072469217,2023-07-31,926.1298828125,0.0,2023-12-29,1125.8094482421875,0.0,3332.8477777018234,0.21560643829275264,Long,Closed,131
132,132,MAZDOCK.NS,7.2605048968782855,2024-07-31,2588.09326171875,0.0,2024-11-29,2287.39794921875,0.0,-2183.1997888745973,-0.11618411011213278,Long,Closed,132
133,133,MAZDOCK.NS,5.448430670823351,2025-04-30,3048.155517578125,0.0,2025-06-30,3234.278564453125,0.0,1014.0785171408425,0.06106087625833535,Long,Closed,133
134,134,MMTC.NS,166.38935530599016,2021-05-31,60.09999847412109,0.0,2021-06-30,56.59999847412109,0.0,-582.3627435709659,-0.05823627435709659,Long,Closed,134
135,135,MRPL.NS,125.16085316250017,2022-05-31,79.89718627929688,0.0,2022-09-30,58.433738708496094,0.0,-2686.3834097700183,-0.26863834097700184,Long,Closed,135
136,136,MRPL.NS,33.7987475811071,2024-03-28,216.38720703125,0.0,2024-05-31,201.1396026611328,0.0,-515.3499313221764,-0.07046444463750196,Long,Closed,136
137,137,NAVA.NS,121.20024041795737,2022-06-30,82.50808715820312,0.0,2022-09-30,89.73004150390625,0.0,875.3026029867306,0.08753026029867306,Long,Closed,137
138,138,NAVA.NS,19.218447998116197,2024-09-30,565.8782958984375,0.0,2024-12-31,486.6385803222656,0.0,-1522.8643531861762,-0.14002960733873698,Long,Closed,138
139,139,NAVA.NS,13.677166956183651,2025-08-29,683.7993774414062,0.0,2025-09-30,647.3519897460938,0.0,-498.4970066255428,-0.053301288210715905,Long,Closed,139
140,140,NBCC.NS,117.64437671691121,2024-01-31,85.00193786621094,0.0,2024-04-30,91.76531982421876,0.0,795.6738549482325,0.07956738549482324,Long,Closed,140
141,141,NETWEB.NS,4.276794650999565,2024-05-31,2338.19970703125,0.0,2024-07-31,2303.72216796875,0.0,-147.45335464212803,-0.014745335464212804,Long,Closed,141
142,142,NETWEB.NS,2.700437616926921,2025-09-30,3648.5,0.0,2025-10-30,4103.89990234375,0.0,1229.7790270339083,0.12481839176202543,Long,Open,142
143,143,NEULANDLAB.NS,2.88614482781849,2023-07-31,3464.8295898437505,0.0,2023-09-29,3678.8818359375,0.0,617.7857829464065,0.061778578294640646,Long,Closed,143
144,144,NEULANDLAB.NS,0.635967891382028,2024-11-29,16695.474609375,0.0,2025-02-28,10602.2197265625,0.0,-3875.1144594755115,-0.364964460452712,Long,Closed,144
145,145,NEWGEN.NS,31.87824936966813,2023-05-31,313.6935119628906,0.0,2023-08-31,425.7516479492188,0.0,3572.2172028723526,0.35722172028723526,Long,Closed,145
146,146,NH.NS,5.923909722566213,2025-03-28,1688.0743408203125,0.0,2025-05-30,1739.802490234375,0.0,306.43288724432387,0.030643288724432387,Long,Closed,146
147,147,NH.NS,4.759816881155832,2025-06-30,2165.30029296875,0.0,2025-07-31,1910.699951171875,0.0,-1211.8510048328098,-0.11758200126958065,Long,Closed,147
148,148,NLCINDIA.NS,40.42220778924397,2023-12-29,247.38876342773443,0.0,2024-01-31,253.09886169433597,0.0,230.81477862957036,0.023081477862957035,Long,Closed,148
149,149,OFSS.NS,1.0605458807786934,2024-06-28,9429.1064453125,0.0,2024-07-31,10538.3955078125,0.0,1176.4519458272334,0.11764519458272334,Long,Closed,149
150,150,OIL.NS,25.990643431818263,2024-03-28,384.75384521484375,0.0,2024-04-30,397.5095520019531,0.0,331.5290268245826,0.03315290268245826,Long,Closed,150
151,151,OIL.NS,18.6051413683021,2024-07-31,555.3050537109375,0.0,2024-08-30,714.89501953125,0.0,2969.1938750494137,0.28739152426908504,Long,Closed,151
152,152,OLECTRA.NS,17.848178927993754,2021-10-29,560.28125,0.0,2022-03-31,668.5731201171875,0.0,1932.8126742986224,0.19328126742986224,Long,Closed,152
153,153,OLECTRA.NS,12.283904879691509,2023-06-30,971.4185180664062,0.0,2023-09-29,1200.277099609375,0.0,2811.277046574951,0.2355921544490507,Long,Closed,153
154,154,PAYTM.NS,13.176966238367008,2024-10-31,758.9000244140625,0.0,2025-03-28,783.4500122070312,0.0,323.4943603002703,0.032349436030027025,Long,Closed,154
155,155,PCBL.NS,17.872471234582623,2024-09-30,559.5197143554688,0.0,2024-10-31,398.0862731933594,0.0,-2885.214533469487,-0.2885214533469486,Long,Closed,155
156,156,PGEL.NS,244.83595848817083,2021-05-31,40.84367370605469,0.0,2021-07-30,37.50623321533203,0.0,-817.1254414433133,-0.08171254414433134,Long,Closed,156
157,157,PGEL.NS,121.51957547314973,2022-01-31,75.5670394897461,0.0,2022-04-29,78.81954193115234,0.0,395.2427159050694,0.04304128444581426,Long,Closed,157
158,158,PGEL.NS,18.252809598828378,2024-08-30,524.74755859375,0.0,2025-05-30,771.110107421875,0.0,4496.808696041826,0.46948774661923576,Long,Closed,158
159,159,PNBHOUSING.NS,20.320354405634284,2023-02-28,492.1174011230469,0.0,2023-03-31,422.8567199707031,0.0,-1407.4015873912595,-0.14074015873912596,Long,Closed,159
160,160,POONAWALLA.NS,68.79299037049292,2021-06-30,145.3636474609375,0.0,2021-08-31,171.0247802734375,0.0,1765.3060624662521,0.1765306062466252,Long,Closed,160
161,161,POONAWALLA.NS,38.824434656501964,2022-04-29,303.0386962890625,0.0,2022-05-31,256.5618896484375,0.0,-1804.4357424618229,-0.1533692139313183,Long,Closed,161
162,162,POWERINDIA.NS,0.7749944997338606,2024-06-28,12903.317382812498,0.0,2024-07-31,11599.6533203125,0.0,-1010.3324779381983,-0.10103324779381982,Long,Closed,162
163,163,POWERINDIA.NS,0.465969268719812,2025-05-30,19292.404296875,0.0,2025-06-30,20001.19921875,0.0,330.27665141841135,0.03673958470742882,Long,Closed,163
164,164,POWERINDIA.NS,0.4639286937938791,2025-07-31,20089.173828125,0.0,2025-09-30,18001.0,0.0,-968.7637564965953,-0.10394523169497095,Long,Closed,164
165,165,PRAJIND.NS,31.07185280620041,2021-05-31,321.8346862792969,0.0,2021-09-30,337.9251403808594,0.0,499.9602214286733,0.04999602214286733,Long,Closed,165
166,166,PTCIL.NS,0.7276802385426782,2024-06-28,13742.2998046875,0.0,2024-07-31,13912.75,0.0,124.03323878464471,0.01240332387846447,Long,Closed,166
167,167,RAILTEL.NS,30.028554985759165,2023-12-29,333.016357421875,0.0,2024-03-28,358.38671875,0.0,761.8352901501803,0.07618352901501803,Long,Closed,167
168,168,RBLBANK.NS,37.61332610023686,2025-07-31,265.8632202148437,0.0,2025-10-30,324.95001220703125,0.0,2222.4507754190145,0.22224507754190145,Long,Open,168
169,169,RECLTD.NS,31.157260013363164,2023-11-30,320.9524841308594,0.0,2024-02-29,406.8743286132813,0.0,2677.089249366574,0.26770892493665743,Long,Closed,169
170,170,REDINGTON.NS,42.0767646707212,2025-03-28,237.66085815429688,0.0,2025-05-30,253.0386505126953,0.0,647.0477502195463,0.06470477502195462,Long,Closed,170
171,171,REDINGTON.NS,33.45319756148488,2025-06-30,318.2669677734375,0.0,2025-07-31,250.1999969482422,0.0,-2277.0578224270866,-0.21386753171837075,Long,Closed,171
172,172,RELINFRA.NS,157.85320032935863,2021-05-31,63.349998474121094,0.0,2021-07-30,76.55000305175781,0.0,2083.66296694214,0.208366296694214,Long,Closed,172
173,173,RELINFRA.NS,117.94693340056236,2021-09-30,102.4499969482422,0.0,2021-11-30,84.19999694824219,0.0,-2152.531534560265,-0.17813568124574886,Long,Closed,173
174,174,RKFORGE.NS,25.907663625736728,2023-05-31,385.9861755371094,0.0,2023-06-30,442.1070251464844,0.0,1453.9600940702458,0.14539600940702457,Long,Closed,174
175,175,RKFORGE.NS,16.151882640681492,2023-08-31,709.140869140625,0.0,2023-09-29,639.996337890625,0.0,-1116.8143539949342,-0.0975046485951276,Long,Closed,175
176,176,RPOWER.NS,666.6666666666666,2021-06-30,15.0,0.0,2021-11-30,12.899999618530272,0.0,-1400.0002543131523,-0.14000002543131523,Long,Closed,176
177,177,RPOWER.NS,148.02065355505064,2025-05-30,58.09999847412108,0.0,2025-07-31,52.72999954223633,0.0,-794.870751487505,-0.09242683430149588,Long,Closed,177
178,178,RVNL.NS,139.7731288633772,2022-11-30,71.54450988769531,0.0,2023-07-31,122.7083740234375,0.0,7151.333374993417,0.7151333374993417,Long,Closed,178
179,179,RVNL.NS,41.546037299205395,2024-06-28,412.8271789550781,0.0,2024-10-31,469.3468627929688,0.0,2348.1688928682997,0.13690882461021495,Long,Closed,179
180,180,SARDAEN.NS,22.427514223381955,2024-11-29,445.8808898925782,0.0,2025-03-28,512.6134643554688,0.0,1496.6457629293745,0.14966457629293745,Long,Closed,180
181,181,SAREGAMA.NS,41.615897760630865,2021-05-31,240.29278564453125,0.0,2021-11-30,396.396240234375,0.0,6496.385406292222,0.6496385406292222,Long,Closed,181
182,182,SBICARD.NS,11.921793211170366,2025-02-28,838.7999877929688,0.0,2025-03-28,881.0999755859375,0.0,504.29170730280384,0.05042917073028039,Long,Closed,182
183,183,SCHNEIDER.NS,12.38543435424973,2024-04-30,807.4000244140625,0.0,2024-05-31,685.4500122070312,0.0,-1510.4038706901392,-0.15104038706901393,Long,Closed,183
184,184,SOBHA.NS,6.412107863050776,2024-02-29,1559.549560546875,0.0,2024-06-28,1949.6488037109373,0.0,2501.35842446244,0.250135842446244,Long,Closed,184
185,185,SOLARINDS.NS,0.6213353953901768,2025-05-30,16094.3671875,0.0,2025-08-29,13795.0,0.0,-1428.678220592512,-0.1428678220592512,Long,Closed,185
186,186,SUZLON.NS,407.33198821872276,2023-08-31,24.549999237060547,0.0,2024-02-29,45.25,0.0,8431.772466897204,0.8431772466897204,Long,Closed,186
187,187,SWANCORP.NS,31.06713641552295,2022-04-29,321.883544921875,0.0,2022-06-30,184.140380859375,0.0,-4279.285668235446,-0.4279285668235446,Long,Closed,187
188,188,SWANCORP.NS,8.955257110254648,2024-01-31,638.8107299804688,0.0,2024-04-30,620.167724609375,0.0,-166.95290640600342,-0.029183926468586096,Long,Closed,188
189,189,SYRMA.NS,13.251997687694642,2025-07-31,754.6032104492188,0.0,2025-10-30,823.1500244140625,0.0,908.3822201609437,0.09083822201609437,Long,Open,189
190,190,TARIL.NS,335.42824572642286,2022-09-30,29.81263542175293,0.0,2023-03-31,28.43820571899414,0.0,-461.022544070669,-0.0461022544070669,Long,Closed,190
191,191,TARIL.NS,111.15822797885122,2023-09-29,85.81440734863281,0.0,2023-11-30,92.08680725097656,0.0,697.2288583192512,0.07309262041350784,Long,Closed,191
192,192,TARIL.NS,58.88701723278209,2024-01-31,173.82789611816406,0.0,2024-09-30,315.9939270019531,0.0,8371.733510569917,0.8178550972460022,Long,Closed,192
193,193,TARIL.NS,34.71774862125147,2025-03-28,535.9777221679688,0.0,2025-04-30,494.7448120117188,0.0,-1431.5138097273339,-0.07693026864897962,Long,Closed,193
194,194,TATAELXSI.NS,1.259616879653448,2022-06-30,7938.921875,0.0,2022-07-29,8443.6953125,0.0,635.821142275694,0.0635821142275694,Long,Closed,194
195,195,TATAINVEST.NS,44.696852410224025,2022-09-30,223.72940063476562,0.0,2022-11-30,227.95584106445312,0.0,188.9085841063461,0.01889085841063461,Long,Closed,195
196,196,TATAINVEST.NS,14.107727791251394,2024-02-29,722.2218017578125,0.0,2024-04-30,657.660888671875,0.0,-910.8077877710457,-0.0893920855460233,Long,Closed,196
197,197,TATAINVEST.NS,8.98126940399473,2025-09-30,1033.050048828125,0.0,2025-10-30,802.0,0.0,-2075.1227343315268,-0.2236581364961207,Long,Closed,197
198,198,TECHNOE.NS,6.1800915803268195,2024-08-30,1618.0989990234375,0.0,2024-10-31,1554.831787109375,0.0,-390.99716366084976,-0.039099716366084974,Long,Closed,198
199,199,TEJASNET.NS,20.36101658191298,2021-09-30,491.13461303710943,0.0,2022-01-31,409.3286437988281,0.0,-1665.6526961601085,-0.16656526961601084,Long,Closed,199
200,200,TITAGARH.NS,58.430490131028165,2022-08-30,171.14352416992188,0.0,2022-09-30,148.84646606445312,0.0,-1302.828033582553,-0.1302828033582553,Long,Closed,200
201,201,TITAGARH.NS,38.98850198039416,2022-12-30,223.07017517089847,0.0,2023-02-28,207.6069183349609,0.0,-602.8892197712948,-0.06932014476651058,Long,Closed,201
202,202,TITAGARH.NS,30.920381671900955,2023-03-31,261.7782287597656,0.0,2023-12-29,1041.6923828125,0.0,24115.243314628304,2.979293418508317,Long,Closed,202
203,203,TRIDENT.NS,275.74576657710196,2021-10-29,36.26528930664063,0.0,2022-04-29,49.83491134643555,0.0,3741.7658315247863,0.37417658315247865,Long,Closed,203
204,204,TRITURBINE.NS,31.937282537641657,2023-02-28,313.1136779785156,0.0,2023-03-31,328.4957580566406,0.0,491.2618374717076,0.04912618374717076,Long,Closed,204
205,205,TRIVENI.NS,33.51455686285419,2022-03-31,298.3778076171875,0.0,2022-04-29,307.2001647949219,0.0,295.67739129758775,0.029567739129758776,Long,Closed,205
206,206,TTML.NS,224.21525430774278,2021-06-30,44.59999847412109,0.0,2022-05-31,125.4000015258789,0.0,18116.59323231627,1.8116593232316272,Long,Closed,206
207,207,TVSMOTOR.NS,8.839850546960356,2022-10-31,1131.2408447265625,0.0,2022-11-30,1034.60595703125,0.0,-854.2379648488604,-0.08542379648488606,Long,Closed,207
208,208,UCOBANK.NS,323.34108596740344,2022-12-30,30.92709350585937,0.0,2023-05-31,25.821666717529297,0.0,-1650.79424206572,-0.165079424206572,Long,Closed,208
209,209,UNIONBANK.NS,134.34575068732377,2022-11-30,74.43480682373047,0.0,2023-05-31,64.81707000732422,0.0,-1292.1020725132094,-0.12921020725132093,Long,Closed,209
210,210,USHAMART.NS,70.6264128300052,2022-07-29,141.590087890625,0.0,2022-08-30,139.00152587890625,0.0,-182.82084927571668,-0.01828208492757167,Long,Closed,210
211,211,WOCKPHARMA.NS,16.5521800809303,2024-02-29,604.1500244140625,0.0,2024-05-31,529.3499755859375,0.0,-1238.1038782655032,-0.12381038782655035,Long,Closed,211
212,212,WOCKPHARMA.NS,7.251124507604503,2024-10-31,1208.3499755859375,0.0,2025-02-28,1155.5,0.0,-383.2217531974911,-0.04373730844022252,Long,Closed,212
213,213,WOCKPHARMA.NS,5.88224812196534,2025-03-28,1424.4000244140625,0.0,2025-04-30,1296.699951171875,0.0,-751.163516003694,-0.0896518330900183,Long,Closed,213
214,214,ZENTEC.NS,47.78267631545811,2021-10-29,209.28086853027344,0.0,2022-03-31,204.4440155029297,0.0,-231.11778259101084,-0.023111778259101084,Long,Closed,214
215,215,ZENTEC.NS,26.291233597999785,2023-05-31,371.5642395019531,0.0,2023-11-30,770.8523559570312,0.0,10497.777142625799,1.07461395367403,Long,Closed,215
216,216,ZENTEC.NS,11.909420934350385,2024-07-31,1701.7333984375002,0.0,2024-09-30,1713.88525390625,0.0,144.7215619107301,0.007140869116106843,Long,Closed,216
217,217,ZENTEC.NS,10.772709500687665,2024-11-29,1894.73046875,0.0,2025-01-31,1738.6502685546875,0.0,-1681.4066555132777,-0.082375938303395,Long,Closed,217
